ğŸ¯ TikTok Follower Tracking Dashboard,,,,,
Generated:,"October 21, 2025 at 09:18 PM",,,,
,,,,,
ğŸ“Š SUMMARY STATISTICS,,,,,
Total Accounts:,32,,,,
Total Followers:,"238,652",,,,
Average Followers:,"7,458",,,,
Accounts Over 10K:,8,,,,
,,,,,
ğŸ‘¥ VA PERFORMANCE,,,,,
VA,Accounts,Total Followers,Avg Followers,,
UNKNOWN,28,"162,439","5,801",,
CARLA,1,"52,400","52,400",,
AARON,1,"10,700","10,700",,
SAMUEL,1,"10,200","10,200",,
GRASHANG,1,"2,913","2,913",,
,,,,,
ğŸ“‹ ACCOUNT DETAILS,,,,,
Username,VA,Followers,Category,Status,Last Updated
@miriamrollqueen,CARLA,"52,400",10K+,ğŸ† Top Performer,2025-10-21 21:18
@Miriamselflovee,UNKNOWN,"23,100",10K+,ğŸ† Top Performer,2025-10-21 21:18
@miriamtales,UNKNOWN,"17,500",10K+,ğŸ† Top Performer,2025-10-21 21:18
@miriammdose,UNKNOWN,"16,300",10K+,ğŸ† Top Performer,2025-10-21 21:18
@miriamxsassy,UNKNOWN,"15,100",10K+,ğŸ† Top Performer,2025-10-21 21:18
@miriamluve,UNKNOWN,"11,000",10K+,ğŸ† Top Performer,2025-10-21 21:18
@miriamglowing,AARON,"10,700",10K+,ğŸ† Top Performer,2025-10-21 21:18
@miriamsweets,SAMUEL,"10,200",10K+,ğŸ† Top Performer,2025-10-21 21:18
@sweetenedmiriam,UNKNOWN,"9,946",1K-10K,âœ… Good Performance,2025-10-21 21:18
@miriammstylee,UNKNOWN,"7,865",1K-10K,âœ… Good Performance,2025-10-21 21:18
@luxemiriam,UNKNOWN,"6,647",1K-10K,âœ… Good Performance,2025-10-21 21:18
@miriamvisualvibe,UNKNOWN,"5,514",1K-10K,âœ… Good Performance,2025-10-21 21:18
@miriamchicc,UNKNOWN,"5,267",1K-10K,âœ… Good Performance,2025-10-21 21:18
@peachmiriam,UNKNOWN,"4,517",1K-10K,âœ… Good Performance,2025-10-21 21:18
@glowingmiriam,UNKNOWN,"4,407",1K-10K,âœ… Good Performance,2025-10-21 21:18
@miriamtalks,UNKNOWN,"4,180",1K-10K,âœ… Good Performance,2025-10-21 21:18
@miriammatters,UNKNOWN,"4,142",1K-10K,âœ… Good Performance,2025-10-21 21:18
@guestmiriam,UNKNOWN,"3,765",1K-10K,âœ… Good Performance,2025-10-21 21:18
@miriamstylez,UNKNOWN,"3,624",1K-10K,âœ… Good Performance,2025-10-21 21:18
@starmiriamm,UNKNOWN,"3,133",1K-10K,âœ… Good Performance,2025-10-21 21:18
@miriamshines,GRASHANG,"2,913",1K-10K,âœ… Good Performance,2025-10-21 21:18
@puremiriam,UNKNOWN,"2,910",1K-10K,âœ… Good Performance,2025-10-21 21:18
@miriamglow,UNKNOWN,"2,828",1K-10K,âœ… Good Performance,2025-10-21 21:18
@miriaminspiration,UNKNOWN,"2,794",1K-10K,âœ… Good Performance,2025-10-21 21:18
@miriamshiness,UNKNOWN,"2,467",1K-10K,âœ… Good Performance,2025-10-21 21:18
@lovelymiriam5,UNKNOWN,"1,646",1K-10K,âœ… Good Performance,2025-10-21 21:18
@gentlemiriam,UNKNOWN,"1,634",1K-10K,âœ… Good Performance,2025-10-21 21:18
@blushmiriam,UNKNOWN,"1,412",1K-10K,âœ… Good Performance,2025-10-21 21:18
@stillmiriam,UNKNOWN,656,Under 1K,ğŸ“ˆ Growth Potential,2025-10-21 21:18
@slayxmiriam,UNKNOWN,62,Under 1K,ğŸ“ˆ Growth Potential,2025-10-21 21:18
@cheekymiriamm,UNKNOWN,23,Under 1K,ğŸ“ˆ Growth Potential,2025-10-21 21:18
@miriamfaves,UNKNOWN,0,Zero,âš ï¸ Needs Attention,2025-10-21 21:18
