post_url,account,va,views,likes,comments,shares,created_date,sound,ocr_text,has_text,slides,hashtags,repost_type,engagement_rate,viral_score
https://www.tiktok.com/@sukihimee/video/7561670741519895838,sukihimee,Vince,79100,14600,2051,155,2025-10-16,https://www.tiktok.com/music/original-sound-7132611104315869954,no girlfriend no sidejchics no sneakyjlinks just by himselffandfixing himself,True,https://p16-pu-sign-useast8.tiktokcdn-us.com/tos-useast8-i-photomode-tx2/9799db8b32444a6485fd0b55be6a943e~tplv-photomode-image.jpeg?dr=10375&x-expires=1760976000&x-signature=m4UnS6eO3bLOQfdd905gt4HCijg%3D&t=4d5b0474&ps=13740610&shp=81f88b70&shcp=9b759fb9&idc=no1a&ftpl=1|https://p16-pu-sign-useast8.tiktokcdn-us.com/tos-useast8-i-photomode-tx2/24155dedfd8446408249e8b01bf99b35~tplv-photomode-image.jpeg?dr=10375&x-expires=1760976000&x-signature=IdEFW9WTgWHwFYfQpihLClnu19I%3D&t=4d5b0474&ps=13740610&shp=81f88b70&shcp=9b759fb9&idc=no1a&ftpl=1,"relationship, goviral, fyp, trending",same_va,21.25,44.75
https://www.tiktok.com/@sukihanae/video/7559574943978032398,sukihanae,Vince,28600,3930,470,12,2025-10-10,https://www.tiktok.com/music/original-sound-7485378582963587886,acon deal likeyalaska belicvesjtacosttastebesty 7 tama _ rohe panels or nerdy thumbstelhusband material bipoeeniticare about the height gaprju stares ay playlist,True,https://p16-common-sign.tiktokcdn-us.com/tos-useast5-i-photomode-tx/40ef51dbe0144da9bba1cb742ae5dd35~tplv-photomode-image.jpeg?dr=9616&x-expires=1760860800&x-signature=3L5p4SDa8ZWwJT4B6Hzud1JBSbU%3D&t=4d5b0474&ps=13740610&shp=81f88b70&shcp=9b759fb9&idc=useast8&ftpl=1|https://p16-common-sign.tiktokcdn-us.com/tos-useast5-i-photomode-tx/f8a7e6d07df143c69f358c84a2bf595c~tplv-photomode-image.jpeg?dr=9616&x-expires=1760860800&x-signature=MvdvuQgmZb3fGmFVSs0HkQS2KGw%3D&t=4d5b0474&ps=13740610&shp=81f88b70&shcp=9b759fb9&idc=useast8&ftpl=1,"trending, fyp, goviral, relationships",same_account,15.43,31.11
https://www.tiktok.com/@meganslidess/video/7560009708061461791,meganslidess,Cedrick,106400,12000,108,439,2025-10-11,https://www.tiktok.com/music/Sometimes-6780621607342704642,ad eniwhenjheineedsjit a mg ok ee a igh ss,True,https://p16-pu-sign-useast8.tiktokcdn-us.com/tos-useast8-i-photomode-tx2/c322218234a94c5a81d8af9776401572~tplv-photomode-image.jpeg?dr=14555&x-expires=1760868000&x-signature=65XRGlkwhkYcA2cxOjDbYN9zZws%3D&t=4d5b0474&ps=13740610&shp=81f88b70&shcp=9b759fb9&idc=my&ftpl=1|https://p16-pu-sign-useast8.tiktokcdn-us.com/tos-useast8-i-photomode-tx2/face5f635e7b4d87abed21249ba92e91~tplv-photomode-image.jpeg?dr=14555&x-expires=1760868000&x-signature=7bvym6ojvQRwlJFD%2FuKy%2Fbcv3pM%3D&t=4d5b0474&ps=13740610&shp=81f88b70&shcp=9b759fb9&idc=my&ftpl=1|https://p16-pu-sign-useast8.tiktokcdn-us.com/tos-useast8-i-photomode-tx2/39dd1a59b58547d49cc8b547bfc2021c~tplv-photomode-image.jpeg?dr=14555&x-expires=1760868000&x-signature=LOsiOtDojbuDjnMgOgcDTDDVMO8%3D&t=4d5b0474&ps=13740610&shp=81f88b70&shcp=9b759fb9&idc=my&ftpl=1|https://p16-pu-sign-useast8.tiktokcdn-us.com/tos-useast8-i-photomode-tx2/b443778583c649c5843f89886a47e055~tplv-photomode-image.jpeg?dr=14555&x-expires=1760868000&x-signature=xDKUAzHqg%2FJGHPnu%2F7lQeOuWDbs%3D&t=4d5b0474&ps=13740610&shp=81f88b70&shcp=9b759fb9&idc=my&ftpl=1,"ty, trending, viral",same_account,11.79,30.94
https://www.tiktok.com/@aureliaareign/video/7556439656489880846,aureliaareign,Luna,299400,18400,1295,1110,2025-10-02,https://www.tiktok.com/music/som-original-6977544672965085958,it never hurts a friendship 3 to,True,https://p16-common-sign.tiktokcdn-us.com/tos-useast5-i-photomode-tx/17d2c96d6e224b8e895471141dcc48bc~tplv-photomode-image.jpeg?dr=9616&x-expires=1760810400&x-signature=wpTFiUbOIrg1uj8FQhh5C1VyGmo%3D&t=4d5b0474&ps=13740610&shp=81f88b70&shcp=9b759fb9&idc=useast5&ftpl=1|https://p16-common-sign.tiktokcdn-us.com/tos-useast5-i-photomode-tx/ab73b0339d8a4a90bce80eaf1ae648f7~tplv-photomode-image.jpeg?dr=9616&x-expires=1760810400&x-signature=xgEqzB%2BovlWDzLkNbCwPZs0DX7k%3D&t=4d5b0474&ps=13740610&shp=81f88b70&shcp=9b759fb9&idc=useast5&ftpl=1,"goviral, relatable, fyp, foryoupage",same_account,6.95,29.64
https://www.tiktok.com/@meganloopss/video/7557775946200141087,meganloopss,Cedrick,231500,18300,230,825,2025-10-05,https://www.tiktok.com/music/som-original-7223535509620230917,eames rata smee oe en developinghealthy communicenion sxilis shifitingmindssetjto susvs tieprebleny ne ee,True,https://p16-common-sign.tiktokcdn-us.com/tos-useast8-i-photomode-tx2/e4d735fb663840c2b215a73865c08c46~tplv-photomode-image.jpeg?dr=9616&x-expires=1760835600&x-signature=dUCMHlzrBZVdBKcBks6%2Fonef8oA%3D&t=4d5b0474&ps=13740610&shp=81f88b70&shcp=9b759fb9&idc=useast5&ftpl=1|https://p16-common-sign.tiktokcdn-us.com/tos-useast8-i-photomode-tx2/79ac0fb2ae77400ab5ae87cd6dccb6f0~tplv-photomode-image.jpeg?dr=9616&x-expires=1760835600&x-signature=EDmH8G2IZ%2Bb%2Fq5YHC3tmsGKrf8Q%3D&t=4d5b0474&ps=13740610&shp=81f88b70&shcp=9b759fb9&idc=useast5&ftpl=1|https://p16-common-sign.tiktokcdn-us.com/tos-useast8-i-photomode-tx2/d452c0405fcf4d7bb43395515f31908c~tplv-photomode-image.jpeg?dr=9616&x-expires=1760835600&x-signature=OQC1FMVN1DqvtCnm9h1lnLrv%2B4c%3D&t=4d5b0474&ps=13740610&shp=81f88b70&shcp=9b759fb9&idc=useast5&ftpl=1|https://p16-common-sign.tiktokcdn-us.com/tos-useast8-i-photomode-tx2/26ab18b6e34e4d3ab75aeffa1dab057a~tplv-photomode-image.jpeg?dr=9616&x-expires=1760835600&x-signature=Siur6cbAsdOVtBNpincrrTMNEUE%3D&t=4d5b0474&ps=13740610&shp=81f88b70&shcp=9b759fb9&idc=useast5&ftpl=1|https://p16-common-sign.tiktokcdn-us.com/tos-useast8-i-photomode-tx2/cb4868be37fc4c1e8e5ac43516db47b8~tplv-photomode-image.jpeg?dr=9616&x-expires=1760835600&x-signature=%2F2evG5T5OCBAcCsC8zB4e4zZNrg%3D&t=4d5b0474&ps=13740610&shp=81f88b70&shcp=9b759fb9&idc=useast5&ftpl=1,,same_account,8.36,29.55
https://www.tiktok.com/@marashelll/video/7558017184866307358,marashelll,Allen,14400,1965,409,13,2025-10-06,https://www.tiktok.com/music/original-sound-7492538157273877270,my future husband requirements os wid col loves animals and wants to pet me doesnt mind getting cuddles all day watches anime w me cooks w me talks abt his nerdy interests doesnt care that squeeze his pimples like shortandicute alt ia mn,True,https://p16-common-sign.tiktokcdn-us.com/tos-useast8-i-photomode-tx2/d512041f3c8e45a9b0f3c27ca7a9d5e5~tplv-photomode-image.jpeg?dr=9616&x-expires=1760839200&x-signature=W1%2BzMrbOqZi57mn%2B3LQOjR%2BCcK4%3D&t=4d5b0474&ps=13740610&shp=81f88b70&shcp=9b759fb9&idc=useast8&ftpl=1|https://p16-common-sign.tiktokcdn-us.com/tos-useast8-i-photomode-tx2/ebed4c4672c14feaa031983865906db2~tplv-photomode-image.jpeg?dr=9616&x-expires=1760839200&x-signature=I08qIx7KTTqVfhPZpkcIbcqZHbM%3D&t=4d5b0474&ps=13740610&shp=81f88b70&shcp=9b759fb9&idc=useast8&ftpl=1,"real, fyp",cross_creator,16.58,29.48
https://www.tiktok.com/@sofiaupclose/video/7558352765043346701,sofiaupclose,Pilar,168200,13200,56,1375,2025-10-07,https://www.tiktok.com/music/bipolar--Slowed--7391819517150660624,disrespect makes aman id withdraw he stops sharing stops caring a andeventua hy s x f f,True,https://p16-common-sign.tiktokcdn-us.com/tos-useast5-i-photomode-tx/1206f05b42a74db1a1bb3aaa922fc0d7~tplv-photomode-image.jpeg?dr=9616&x-expires=1760842800&x-signature=w2JNOayBfkk5aSvwH4MmekM%2BoAg%3D&t=4d5b0474&ps=13740610&shp=81f88b70&shcp=9b759fb9&idc=useast5&ftpl=1|https://p16-common-sign.tiktokcdn-us.com/tos-useast5-i-photomode-tx/c7b55d0f47ea4bd19371867a28441df3~tplv-photomode-image.jpeg?dr=9616&x-expires=1760842800&x-signature=kkhZuiZThh32IvqNRSj4m%2BVa0Zw%3D&t=4d5b0474&ps=13740610&shp=81f88b70&shcp=9b759fb9&idc=useast5&ftpl=1|https://p16-common-sign.tiktokcdn-us.com/tos-useast5-i-photomode-tx/29b2037054a845b695a4d0ba0be72a6f~tplv-photomode-image.jpeg?dr=9616&x-expires=1760842800&x-signature=KskTHT%2F5JDpK5cMx1JV9BR%2BrKDo%3D&t=4d5b0474&ps=13740610&shp=81f88b70&shcp=9b759fb9&idc=useast5&ftpl=1,,same_va,8.7,27.52
https://www.tiktok.com/@aureliaareign/video/7556074569782660407,aureliaareign,Luna,34200,4832,790,37,2025-10-01,https://www.tiktok.com/music/original-sound-7327696885815315243,arethere still men who wholikenwvomanhwvithout allinaturallhoney,True,https://p19-common-sign.tiktokcdn-us.com/tos-useast5-i-photomode-tx/7a3a921b8b40488da1f4546fd254c9f6~tplv-photomode-image.jpeg?dr=9616&x-expires=1760806800&x-signature=HshFfF1Nx7WX0SJsGZvrbe4WGWQ%3D&t=4d5b0474&ps=13740610&shp=81f88b70&shcp=9b759fb9&idc=useast5&ftpl=1|https://p16-common-sign.tiktokcdn-us.com/tos-useast5-i-photomode-tx/06b4240737d2457d934333c43960fb7c~tplv-photomode-image.jpeg?dr=9616&x-expires=1760806800&x-signature=O46bcXvyJnbHhUejpXNu3h27Av4%3D&t=4d5b0474&ps=13740610&shp=81f88b70&shcp=9b759fb9&idc=useast5&ftpl=1,"relatable, fyp, goviral, facts",same_account,16.55,27.5
https://www.tiktok.com/@veilofaurelia/video/7557316295889341710,veilofaurelia,Luna,59000,8157,153,56,2025-10-04,https://www.tiktok.com/music/som-original-7223535509620230917,herefareithel4istagesjofia sstagethreefevenyithingfalls apalt youlstartstolosepatience withyeachtother stagefoursyoujmadeit vvoulvelweatheredithelstorm d a wae tomoving,True,https://p16-common-sign.tiktokcdn-us.com/tos-useast5-i-photomode-tx/c4c00426e08845eba93887632b4ae24b~tplv-photomode-image.jpeg?dr=9616&x-expires=1760828400&x-signature=I5FuHDOnVJkV9%2B8yhlcmS7SBHv8%3D&t=4d5b0474&ps=13740610&shp=81f88b70&shcp=9b759fb9&idc=useast5&ftpl=1|https://p16-common-sign.tiktokcdn-us.com/tos-useast5-i-photomode-tx/b024d57bb26543f293aef5fb46986757~tplv-photomode-image.jpeg?dr=9616&x-expires=1760828400&x-signature=CcRanJDIS6GKGTllQiB0pPiX4v8%3D&t=4d5b0474&ps=13740610&shp=81f88b70&shcp=9b759fb9&idc=useast5&ftpl=1|https://p16-common-sign.tiktokcdn-us.com/tos-useast5-i-photomode-tx/5d7ff5f444a44863b15a2a1c3dd73a57~tplv-photomode-image.jpeg?dr=9616&x-expires=1760828400&x-signature=cOfNahFVLcxcNlrV2GTQVVoejEg%3D&t=4d5b0474&ps=13740610&shp=81f88b70&shcp=9b759fb9&idc=useast5&ftpl=1|https://p16-common-sign.tiktokcdn-us.com/tos-useast5-i-photomode-tx/327f5ebbaaca4c5b8f0d1b71c2a24065~tplv-photomode-image.jpeg?dr=9616&x-expires=1760828400&x-signature=hA%2FI06b4e8vj9nnCcDA8eF0YT94%3D&t=4d5b0474&ps=13740610&shp=81f88b70&shcp=9b759fb9&idc=useast5&ftpl=1|https://p16-common-sign.tiktokcdn-us.com/tos-useast5-i-photomode-tx/c3a7fed990ec4fb59c5ac2eebc5cae04~tplv-photomode-image.jpeg?dr=9616&x-expires=1760828400&x-signature=qOO6KJahk5abJ62N%2BIs68ILk92o%3D&t=4d5b0474&ps=13740610&shp=81f88b70&shcp=9b759fb9&idc=useast5&ftpl=1,,same_account,14.18,27.31
https://www.tiktok.com/@aririgone/video/7557452381261139231,aririgone,Maricris,10300,1156,446,3,2025-10-04,https://www.tiktok.com/music/The-Beach-7077729456810379266,but woke up to reality and realized ae rd constantly check tosee say sorry a lot worry a lot show affection _lreply too fast alwaysneed reassurance imnil want you to myself,True,https://p16-common-sign.tiktokcdn-us.com/tos-useast8-i-photomode-tx2/dfe1ead5cba943a3aa25040854f7e26a~tplv-photomode-image.jpeg?dr=9616&x-expires=1760828400&x-signature=LMHYbYHbLBmeZUqba8yLU4SyN9Y%3D&t=4d5b0474&ps=13740610&shp=81f88b70&shcp=9b759fb9&idc=useast5&ftpl=1|https://p16-common-sign.tiktokcdn-us.com/tos-useast8-i-photomode-tx2/907c1481f1354533a42d68676e3d53ed~tplv-photomode-image.jpeg?dr=9616&x-expires=1760828400&x-signature=IroEFp4FbuQItSIvsO9CRIQ%2FNAM%3D&t=4d5b0474&ps=13740610&shp=81f88b70&shcp=9b759fb9&idc=useast5&ftpl=1|https://p19-common-sign.tiktokcdn-us.com/tos-useast8-i-photomode-tx2/3c1f735d8d6442ac8df772e809f800df~tplv-photomode-image.jpeg?dr=9616&x-expires=1760828400&x-signature=O%2FJrrLNmQmHVOgU4CY2Hqj95CT4%3D&t=4d5b0474&ps=13740610&shp=81f88b70&shcp=9b759fb9&idc=useast5&ftpl=1,"fyp, real, goviral, singlelife, relationship",same_va,15.58,26.49
https://www.tiktok.com/@miriamchicc/video/7556478192530377998,miriamchicc,Carla,178800,13900,110,3221,2025-10-02,https://www.tiktok.com/music/destroy-myself-just-for-you-7122168768432130821,mim small things thatiarent soe a pinky promises callimei when you aren it sus ey sgetihome safer goodimorningtext messages adeep convos y,True,https://p16-common-sign.tiktokcdn-us.com/tos-useast5-i-photomode-tx/9c94cdfae329471fb41ce25d96a2d75f~tplv-photomode-image.jpeg?dr=9616&x-expires=1760814000&x-signature=yi23cPEtzHbH9PNQpf6KfHLZQaI%3D&t=4d5b0474&ps=13740610&shp=81f88b70&shcp=9b759fb9&idc=useast8&ftpl=1|https://p16-common-sign.tiktokcdn-us.com/tos-useast5-i-photomode-tx/c57d2417ee584627bfff1dca8b54b48d~tplv-photomode-image.jpeg?dr=9616&x-expires=1760814000&x-signature=sMjD%2Bjz24vIHlGpm8UI8HMLdnck%3D&t=4d5b0474&ps=13740610&shp=81f88b70&shcp=9b759fb9&idc=useast8&ftpl=1,,same_account,9.64,26.44
https://www.tiktok.com/@sofiasweetthighsss/video/7559231033367891255,sofiasweetthighsss,Fritz,136100,10500,35,533,2025-10-09,https://www.tiktok.com/music/use-this-sound-if-u-love-sesbian-lex-7446094761955560214,,False,https://p16-common-sign.tiktokcdn-us.com/tos-useast5-i-photomode-tx/f3efd1009ad141999ef6f910b8c9297e~tplv-photomode-image.jpeg?dr=9616&x-expires=1760857200&x-signature=PzK8nY72QCIavDeAv4VgrCvc6cI%3D&t=4d5b0474&ps=13740610&shp=81f88b70&shcp=9b759fb9&idc=useast5&ftpl=1|https://p16-common-sign.tiktokcdn-us.com/tos-useast5-i-photomode-tx/2dbeb5d11037430588b428f42fc98429~tplv-photomode-image.jpeg?dr=9616&x-expires=1760857200&x-signature=nHKlyaCJ6nmIN%2BnufFvTuAj0FQI%3D&t=4d5b0474&ps=13740610&shp=81f88b70&shcp=9b759fb9&idc=useast5&ftpl=1,"relationship, missed, foryourpage",same_account,8.13,25.99
https://www.tiktok.com/@megannvue/video/7558813228147510558,megannvue,Dominic,32000,3894,104,26,2025-10-08,https://www.tiktok.com/music/Sometimes-6780621607342704642,,False,https://p16-common-sign.tiktokcdn-us.com/tos-useast8-i-photomode-tx2/f88c7b782acc4be58704eae2bd8e33e4~tplv-photomode-image.jpeg?dr=9616&x-expires=1760850000&x-signature=s0W5Y8iptOFirjBM1J%2BM8KF8y3o%3D&t=4d5b0474&ps=13740610&shp=81f88b70&shcp=9b759fb9&idc=useast5&ftpl=1|https://p16-common-sign.tiktokcdn-us.com/tos-useast8-i-photomode-tx2/7e7fd335035f4998be95aa13666554d0~tplv-photomode-image.jpeg?dr=9616&x-expires=1760850000&x-signature=dMRvQ1DcIZpHbPncEAYeJLApxb8%3D&t=4d5b0474&ps=13740610&shp=81f88b70&shcp=9b759fb9&idc=useast5&ftpl=1|https://p16-common-sign.tiktokcdn-us.com/tos-useast8-i-photomode-tx2/1587b39048f340b3b07ccc74abb84c4d~tplv-photomode-image.jpeg?dr=9616&x-expires=1760850000&x-signature=AWhPE6F0DZBSW7W0rV11aAve8IY%3D&t=4d5b0474&ps=13740610&shp=81f88b70&shcp=9b759fb9&idc=useast5&ftpl=1|https://p16-common-sign.tiktokcdn-us.com/tos-useast8-i-photomode-tx2/b6e9110612144f99819ee8c860c449b9~tplv-photomode-image.jpeg?dr=9616&x-expires=1760850000&x-signature=Iw0vF1gJaxwi50AagPjK9hRr5vc%3D&t=4d5b0474&ps=13740610&shp=81f88b70&shcp=9b759fb9&idc=useast5&ftpl=1,"ty, trending, viral",same_account,12.57,25.77
https://www.tiktok.com/@miriammdose/video/7556441284961946935,miriammdose,Aaron,246200,14500,306,375,2025-10-02,https://www.tiktok.com/music/origineel-geluid-7160693822907763462,,False,https://p19-sign.tiktokcdn-us.com/tos-useast5-i-photomode-tx/5cbb7861ec514a97a612baaf7edbaa15~tplv-photomode-image.jpeg?dr=10375&x-expires=1760810400&x-signature=ABs15O5GbcMpGBIoTJCRCusezC4%3D&t=4d5b0474&ps=13740610&shp=81f88b70&shcp=9b759fb9&idc=no1a&ftpl=1|https://p16-sign.tiktokcdn-us.com/tos-useast5-i-photomode-tx/0025bccbea6b4b69a7af6b7673f7e009~tplv-photomode-image.jpeg?dr=10375&x-expires=1760810400&x-signature=hGpZ62IvpKtQLlSLLv6AkgjYUns%3D&t=4d5b0474&ps=13740610&shp=81f88b70&shcp=9b759fb9&idc=no1a&ftpl=1|https://p16-sign.tiktokcdn-us.com/tos-useast5-i-photomode-tx/ad4d5467f5de4bba9365c4f03aa9b7c4~tplv-photomode-image.jpeg?dr=10375&x-expires=1760810400&x-signature=3h1W%2FMS0bkC9TD7Np3NI3t1NcMQ%3D&t=4d5b0474&ps=13740610&shp=81f88b70&shcp=9b759fb9&idc=no1a&ftpl=1|https://p16-sign.tiktokcdn-us.com/tos-useast5-i-photomode-tx/f27538b614d1481589ab0ce4e4993ca3~tplv-photomode-image.jpeg?dr=10375&x-expires=1760810400&x-signature=17ZA3BDnhBQa43ghI9tuadtUb6M%3D&t=4d5b0474&ps=13740610&shp=81f88b70&shcp=9b759fb9&idc=no1a&ftpl=1|https://p16-sign.tiktokcdn-us.com/tos-useast5-i-photomode-tx/2251df7b333a4b7c9c298a20a1f0170b~tplv-photomode-image.jpeg?dr=10375&x-expires=1760810400&x-signature=futXSXY8TuUH%2Fg%2F0sp8w4pZqJ48%3D&t=4d5b0474&ps=13740610&shp=81f88b70&shcp=9b759fb9&idc=no1a&ftpl=1|https://p16-sign.tiktokcdn-us.com/tos-useast5-i-photomode-tx/96ec413deedb422bb47155b6904431c4~tplv-photomode-image.jpeg?dr=10375&x-expires=1760810400&x-signature=7Kq7KKc8HYBnARzs8pwLzxV8Law%3D&t=4d5b0474&ps=13740610&shp=81f88b70&shcp=9b759fb9&idc=no1a&ftpl=1|https://p16-sign.tiktokcdn-us.com/tos-useast5-i-photomode-tx/53107dcd78b14dc6ace9b4b63f315bdd~tplv-photomode-image.jpeg?dr=10375&x-expires=1760810400&x-signature=XZlOk3mMZ9zkVVew5ngIZczvkSQ%3D&t=4d5b0474&ps=13740610&shp=81f88b70&shcp=9b759fb9&idc=no1a&ftpl=1|https://p16-sign.tiktokcdn-us.com/tos-useast5-i-photomode-tx/48d037b30b584186ada03dd4f44ec72d~tplv-photomode-image.jpeg?dr=10375&x-expires=1760810400&x-signature=4z0OHOn0jUTtWOMT4sPHr6avFJ0%3D&t=4d5b0474&ps=13740610&shp=81f88b70&shcp=9b759fb9&idc=no1a&ftpl=1|https://p16-sign.tiktokcdn-us.com/tos-useast5-i-photomode-tx/b0cbc9e6df7d47368de1a2b77384fb64~tplv-photomode-image.jpeg?dr=10375&x-expires=1760810400&x-signature=mYVpAeWJxl%2Fi7Jbf%2Bc8WTLcq%2B5Q%3D&t=4d5b0474&ps=13740610&shp=81f88b70&shcp=9b759fb9&idc=no1a&ftpl=1|https://p16-sign.tiktokcdn-us.com/tos-useast5-i-photomode-tx/2bdd9d714fcc44b385492720a6fef640~tplv-photomode-image.jpeg?dr=10375&x-expires=1760810400&x-signature=B%2BhrsnzaU5cgCoR3TASk9n%2FFVq0%3D&t=4d5b0474&ps=13740610&shp=81f88b70&shcp=9b759fb9&idc=no1a&ftpl=1|https://p16-sign.tiktokcdn-us.com/tos-useast5-i-photomode-tx/b8451979e3e547fdbbead5d64bc56574~tplv-photomode-image.jpeg?dr=10375&x-expires=1760810400&x-signature=BTCkXnuwSY9E%2FzoAO%2BCiNSJ%2BWBU%3D&t=4d5b0474&ps=13740610&shp=81f88b70&shcp=9b759fb9&idc=no1a&ftpl=1,"fyppppppppppppppppppppppp, fypシ゚viral, goviral, fyp",same_account,6.17,25.28
https://www.tiktok.com/@miriaminspiration/video/7561971051802971422,miriaminspiration,Jairis,75100,4943,201,59,2025-10-16,https://www.tiktok.com/music/original-sound-7495540712570686250,notiknow sayiit 10 usehhislove against hime if hefopensjup givesiu hisiheantidont use itito hurt himjlatersthats how u aloserareal one,True,https://p16-pu-sign-useast8.tiktokcdn-us.com/tos-useast8-i-photomode-tx2/09e378732c6547ba95754f021651c80d~tplv-photomode-image.jpeg?dr=10375&x-expires=1760983200&x-signature=D1oeASP1Aaxs4LZLh3sDk78fhO8%3D&t=4d5b0474&ps=13740610&shp=81f88b70&shcp=9b759fb9&idc=no1a&ftpl=1|https://p16-pu-sign-useast8.tiktokcdn-us.com/tos-useast8-i-photomode-tx2/ef9f89da117d4a60a7e4692cd7227fa7~tplv-photomode-image.jpeg?dr=10375&x-expires=1760983200&x-signature=Vbow1QjdLw4y%2F87OKwoSgedtsqc%3D&t=4d5b0474&ps=13740610&shp=81f88b70&shcp=9b759fb9&idc=no1a&ftpl=1|https://p16-pu-sign-useast8.tiktokcdn-us.com/tos-useast8-i-photomode-tx2/426b9aeae75a4d8e8225c7e9bccb3dca~tplv-photomode-image.jpeg?dr=10375&x-expires=1760983200&x-signature=yTDTjDRP8j3mx1fkCZUKH44XkXY%3D&t=4d5b0474&ps=13740610&shp=81f88b70&shcp=9b759fb9&idc=no1a&ftpl=1|https://p16-pu-sign-useast8.tiktokcdn-us.com/tos-useast8-i-photomode-tx2/986c34c41ba047099cdb57fea74155ad~tplv-photomode-image.jpeg?dr=10375&x-expires=1760983200&x-signature=c5FF%2FYinSSgBmV3Nqt4GBv3QV%2Bc%3D&t=4d5b0474&ps=13740610&shp=81f88b70&shcp=9b759fb9&idc=no1a&ftpl=1|https://p16-pu-sign-useast8.tiktokcdn-us.com/tos-useast8-i-photomode-tx2/0ebd6a671bc344b58d4ae52773b2a86d~tplv-photomode-image.jpeg?dr=10375&x-expires=1760983200&x-signature=OmjJBy%2BM%2BXWQv%2Bk%2Br4Sk5mIHKEo%3D&t=4d5b0474&ps=13740610&shp=81f88b70&shcp=9b759fb9&idc=no1a&ftpl=1|https://p16-pu-sign-useast8.tiktokcdn-us.com/tos-useast8-i-photomode-tx2/7f9c895dbcda44d18262cc3dafc4a7e7~tplv-photomode-image.jpeg?dr=10375&x-expires=1760983200&x-signature=E6Yza3ycFkakehx%2F%2FNY8uG7lW7g%3D&t=4d5b0474&ps=13740610&shp=81f88b70&shcp=9b759fb9&idc=no1a&ftpl=1|https://p16-pu-sign-useast8.tiktokcdn-us.com/tos-useast8-i-photomode-tx2/50ed8491f39240bcb5636e792dea112d~tplv-photomode-image.jpeg?dr=10375&x-expires=1760983200&x-signature=hdkFHtJWTgNLwglfSsAIAR7KLs8%3D&t=4d5b0474&ps=13740610&shp=81f88b70&shcp=9b759fb9&idc=no1a&ftpl=1|https://p16-pu-sign-useast8.tiktokcdn-us.com/tos-useast8-i-photomode-tx2/ee8f7a47ea99416dad3999528fd48f63~tplv-photomode-image.jpeg?dr=10375&x-expires=1760983200&x-signature=67t7qYV5rEgEdH%2BcS4wE3xXN3uQ%3D&t=4d5b0474&ps=13740610&shp=81f88b70&shcp=9b759fb9&idc=no1a&ftpl=1|https://p16-pu-sign-useast8.tiktokcdn-us.com/tos-useast8-i-photomode-tx2/571c1ae5eea240478470ee83dde608f4~tplv-photomode-image.jpeg?dr=10375&x-expires=1760983200&x-signature=kIcj%2BA%2BWE67oR7OzK5J8aRvWRwo%3D&t=4d5b0474&ps=13740610&shp=81f88b70&shcp=9b759fb9&idc=no1a&ftpl=1|https://p16-pu-sign-useast8.tiktokcdn-us.com/tos-useast8-i-photomode-tx2/3b71d9713f3c4a80a1a06d34e91da00b~tplv-photomode-image.jpeg?dr=10375&x-expires=1760983200&x-signature=yV31M8ek%2FzAdzLCj8yu3KZOjW%2FY%3D&t=4d5b0474&ps=13740610&shp=81f88b70&shcp=9b759fb9&idc=no1a&ftpl=1|https://p16-pu-sign-useast8.tiktokcdn-us.com/tos-useast8-i-photomode-tx2/cffa8e55cdc74dabb326277304aebaa4~tplv-photomode-image.jpeg?dr=10375&x-expires=1760983200&x-signature=0B%2F3OKr%2BoxxHIsqw11AZbwkLtAg%3D&t=4d5b0474&ps=13740610&shp=81f88b70&shcp=9b759fb9&idc=no1a&ftpl=1,"makeitviral, relatable, fyp",same_account,6.93,24.9
https://www.tiktok.com/@sukiyoji/video/7556077753389337911,sukiyoji,Brent,16400,2244,217,84,2025-10-01,https://www.tiktok.com/music/Goodbye-Pill-7381126110883055633,butjatithelendlofithelday vallbothknowyoujlooksfor sacer enon ie j that future yooboth dream of making together,True,https://p19-sign.tiktokcdn-us.com/tos-useast5-i-photomode-tx/0ad44d5b366348de81a8231ebfa0b0d1~tplv-photomode-image.jpeg?dr=14555&x-expires=1760806800&x-signature=jwdxIFG%2BevVRzJxjRTbx%2BS7Sgvw%3D&t=4d5b0474&ps=13740610&shp=81f88b70&shcp=9b759fb9&idc=sg1&ftpl=1|https://p16-sign.tiktokcdn-us.com/tos-useast5-i-photomode-tx/1d30467d123c4d99b59c04b9d565fafb~tplv-photomode-image.jpeg?dr=14555&x-expires=1760806800&x-signature=YOQzshs6r%2FshGJuY%2B%2Fxh%2B8Fg9iE%3D&t=4d5b0474&ps=13740610&shp=81f88b70&shcp=9b759fb9&idc=sg1&ftpl=1|https://p19-sign.tiktokcdn-us.com/tos-useast5-i-photomode-tx/65c0b9cb5bfa44549c99b918d6761d7f~tplv-photomode-image.jpeg?dr=14555&x-expires=1760806800&x-signature=qrKL%2B4OcYnI9veJ2oO3gaGd%2BOEQ%3D&t=4d5b0474&ps=13740610&shp=81f88b70&shcp=9b759fb9&idc=sg1&ftpl=1|https://p16-sign.tiktokcdn-us.com/tos-useast5-i-photomode-tx/3ec4f570381a4f07a696444481a1fbac~tplv-photomode-image.jpeg?dr=14555&x-expires=1760806800&x-signature=xVkNPQ827ww7ORqFUWva4heoBMY%3D&t=4d5b0474&ps=13740610&shp=81f88b70&shcp=9b759fb9&idc=sg1&ftpl=1,"relationshipgoals, goviral, fyp",same_account,15.52,24.89
https://www.tiktok.com/@marafadee/video/7556566186700442894,marafadee,Leah,28100,2139,1943,23,2025-10-02,https://www.tiktok.com/music/nh-c-n-n----------------------------7081908058825296667,i eanjllask youlaldeep question v would jjoult them he at hey hurt,True,https://p19-sign.tiktokcdn-us.com/tos-useast5-i-photomode-tx/d0bfd546414c47119cb0a73c29885b63~tplv-photomode-image.jpeg?dr=14555&x-expires=1760814000&x-signature=JiPc99%2B1gd6P7aEfSNtK5FNS2HE%3D&t=4d5b0474&ps=13740610&shp=81f88b70&shcp=9b759fb9&idc=maliva&ftpl=1|https://p19-sign.tiktokcdn-us.com/tos-useast5-i-photomode-tx/b85668590bae4bf8a8d348a3d7a0612a~tplv-photomode-image.jpeg?dr=14555&x-expires=1760814000&x-signature=016LzZtp5TY14dabxLM3Na409Sc%3D&t=4d5b0474&ps=13740610&shp=81f88b70&shcp=9b759fb9&idc=maliva&ftpl=1,"fyp, foryoupage, explorepage, goviral, tiktokviral",cross_creator,14.61,24.85
https://www.tiktok.com/@aureliaareign/video/7556629894797495566,aureliaareign,Luna,63800,4706,3649,13,2025-10-02,https://www.tiktok.com/music/Sometimes-6780621607342704642,don ticheat big heart caring loyal,True,https://p16-common-sign.tiktokcdn-us.com/tos-useast5-i-photomode-tx/cff65c7616d04f8197f44e72c1194fcb~tplv-photomode-image.jpeg?dr=9616&x-expires=1760814000&x-signature=ydtFkggFV1BwUL%2BNFr6%2BlxCdUS0%3D&t=4d5b0474&ps=13740610&shp=81f88b70&shcp=9b759fb9&idc=useast5&ftpl=1|https://p16-common-sign.tiktokcdn-us.com/tos-useast5-i-photomode-tx/d233176745be4b7684170c7eea207034~tplv-photomode-image.jpeg?dr=9616&x-expires=1760814000&x-signature=UNjSKQp5uJN60hETG4G%2BQxHhT1M%3D&t=4d5b0474&ps=13740610&shp=81f88b70&shcp=9b759fb9&idc=useast5&ftpl=1,"men, loyal, care",same_account,13.12,24.76
https://www.tiktok.com/@sweetenedmiriam/video/7556292434792025375,sweetenedmiriam,Jarold,151100,14400,286,60,2025-10-01,https://www.tiktok.com/music/som-original-7223535509620230917,merelaretheristagesior ataewome nto mt ys a my f ih ae am j m fie 4 stage one the honeymoon phase q always happy sr ww arguments j et woe pegint 1x0 noti ce each wf other s cmoyane habits z as flaws come into view se z sus penclng a lot of timex pr ea oe 2moments of doubt breakune bs sie bacppen at this stage vou ve pvieattents the storm and arecommite ato moving forward with each other itegether tofi 6b grow,True,https://p16-common-sign.tiktokcdn-us.com/tos-useast8-i-photomode-tx2/e372354d6bf44619b9361abba9039d41~tplv-photomode-image.jpeg?dr=9616&x-expires=1760810400&x-signature=Hg5fTCdnz9xCjm3Zj9ouJFkBT7U%3D&t=4d5b0474&ps=13740610&shp=81f88b70&shcp=9b759fb9&idc=useast5&ftpl=1|https://p16-common-sign.tiktokcdn-us.com/tos-useast8-i-photomode-tx2/cab28fe3c2964e7294a1c4765d105b73~tplv-photomode-image.jpeg?dr=9616&x-expires=1760810400&x-signature=Lcyzd6ntRWeA712WCx%2FvShsSKZs%3D&t=4d5b0474&ps=13740610&shp=81f88b70&shcp=9b759fb9&idc=useast5&ftpl=1|https://p16-common-sign.tiktokcdn-us.com/tos-useast8-i-photomode-tx2/6407be593e974da393f660b9a25e2f0b~tplv-photomode-image.jpeg?dr=9616&x-expires=1760810400&x-signature=lPTBJu9cWFgB6Du9Dzfzbb0DeBo%3D&t=4d5b0474&ps=13740610&shp=81f88b70&shcp=9b759fb9&idc=useast5&ftpl=1|https://p16-common-sign.tiktokcdn-us.com/tos-useast8-i-photomode-tx2/1c0dbb628ca84ab5a60b29f956d40319~tplv-photomode-image.jpeg?dr=9616&x-expires=1760810400&x-signature=7tMKmvRtHNZnbOubBM2eTbKdml4%3D&t=4d5b0474&ps=13740610&shp=81f88b70&shcp=9b759fb9&idc=useast5&ftpl=1|https://p16-common-sign.tiktokcdn-us.com/tos-useast8-i-photomode-tx2/bca27466440546d5a1a5eaf2dd28d7d6~tplv-photomode-image.jpeg?dr=9616&x-expires=1760810400&x-signature=rmTpen1f3S4N%2FMOsKkTwJHDJVHc%3D&t=4d5b0474&ps=13740610&shp=81f88b70&shcp=9b759fb9&idc=useast5&ftpl=1,,same_account,9.76,24.33
https://www.tiktok.com/@megannvue/video/7558099219052023071,megannvue,Dominic,87200,7702,108,234,2025-10-06,https://www.tiktok.com/music/Sometimes-6780621607342704642,sisigms emotional,True,https://p16-common-sign.tiktokcdn-us.com/tos-useast8-i-photomode-tx2/d316f0a03ae2420fa8d6de4f78d06a9c~tplv-photomode-image.jpeg?dr=9616&x-expires=1760839200&x-signature=N88S6QhM8WTx0lhqAHlDtaJWWR8%3D&t=4d5b0474&ps=13740610&shp=81f88b70&shcp=9b759fb9&idc=useast8&ftpl=1|https://p16-common-sign.tiktokcdn-us.com/tos-useast8-i-photomode-tx2/6d2c2608b4b84be48f5f00c5edf44f3a~tplv-photomode-image.jpeg?dr=9616&x-expires=1760839200&x-signature=NfSmW8oE%2FaCxLbrEPMVheu27PXg%3D&t=4d5b0474&ps=13740610&shp=81f88b70&shcp=9b759fb9&idc=useast8&ftpl=1|https://p16-common-sign.tiktokcdn-us.com/tos-useast8-i-photomode-tx2/419d3c2da5a14b13a9ebdc12bc20c439~tplv-photomode-image.jpeg?dr=9616&x-expires=1760839200&x-signature=LZoyrLWhvf%2BRhyTqbAUUZosrm80%3D&t=4d5b0474&ps=13740610&shp=81f88b70&shcp=9b759fb9&idc=useast8&ftpl=1|https://p16-common-sign.tiktokcdn-us.com/tos-useast8-i-photomode-tx2/8dde9ba458804c07a01046fec886e727~tplv-photomode-image.jpeg?dr=9616&x-expires=1760839200&x-signature=kQnKI67Js3vStq%2BSxejOTGwKsI4%3D&t=4d5b0474&ps=13740610&shp=81f88b70&shcp=9b759fb9&idc=useast8&ftpl=1,"ty, trending, viral",same_account,9.22,22.81
https://www.tiktok.com/@aririsnapss/video/7557450735433075999,aririsnapss,Maricris,75500,6571,47,1052,2025-10-04,https://www.tiktok.com/music/original-sound-7495540712570686250,things thatiyoushould never doto younguy or other guy confidence fast el i s trying let eee there 4 gnore him when hes inot okay guys jalways say it but they brookes about his 5 3 size that stuff sticks way deeper than u think ae with lantirrecen se,True,https://p16-pu-sign-useast8.tiktokcdn-us.com/tos-useast8-i-photomode-tx2/8d2094c7403b4ecbba3aef6eb790afe4~tplv-photomode-image.jpeg?dr=10375&x-expires=1760828400&x-signature=PoX9GjcVahMNifsMCt25G7NIPbk%3D&t=4d5b0474&ps=13740610&shp=81f88b70&shcp=9b759fb9&idc=no1a&ftpl=1|https://p16-pu-sign-useast8.tiktokcdn-us.com/tos-useast8-i-photomode-tx2/384fd95f3e08425580c1ea7ac41dde0d~tplv-photomode-image.jpeg?dr=10375&x-expires=1760828400&x-signature=t9%2FDG%2BMY%2BbvFeKkCT8%2BR8IMnG3o%3D&t=4d5b0474&ps=13740610&shp=81f88b70&shcp=9b759fb9&idc=no1a&ftpl=1|https://p16-pu-sign-useast8.tiktokcdn-us.com/tos-useast8-i-photomode-tx2/fdb9490b794743baaead1a6878b9af26~tplv-photomode-image.jpeg?dr=10375&x-expires=1760828400&x-signature=P4lTvHJy7iXbbQqFBeBQRgI2vik%3D&t=4d5b0474&ps=13740610&shp=81f88b70&shcp=9b759fb9&idc=no1a&ftpl=1|https://p16-pu-sign-useast8.tiktokcdn-us.com/tos-useast8-i-photomode-tx2/e311bee2fbf2467b8bea9a31be72bf9d~tplv-photomode-image.jpeg?dr=10375&x-expires=1760828400&x-signature=uiaLkX6StBnnZzhZ0dCh3hdu7Ok%3D&t=4d5b0474&ps=13740610&shp=81f88b70&shcp=9b759fb9&idc=no1a&ftpl=1|https://p16-pu-sign-useast8.tiktokcdn-us.com/tos-useast8-i-photomode-tx2/5f58b740353d45c2ae499ab969387274~tplv-photomode-image.jpeg?dr=10375&x-expires=1760828400&x-signature=%2F3yXyFLuiuymvck6mVnjaE%2BBEew%3D&t=4d5b0474&ps=13740610&shp=81f88b70&shcp=9b759fb9&idc=no1a&ftpl=1|https://p16-pu-sign-useast8.tiktokcdn-us.com/tos-useast8-i-photomode-tx2/071b3e9bc0894084862e1e92d9b74b37~tplv-photomode-image.jpeg?dr=10375&x-expires=1760828400&x-signature=p%2B%2Bk0tWYXzFaBkLETK9wF4ItBOA%3D&t=4d5b0474&ps=13740610&shp=81f88b70&shcp=9b759fb9&idc=no1a&ftpl=1|https://p16-pu-sign-useast8.tiktokcdn-us.com/tos-useast8-i-photomode-tx2/22699ab7faaa48caa7db959085843409~tplv-photomode-image.jpeg?dr=10375&x-expires=1760828400&x-signature=KX2IpaS5x9XoH%2BM12M8JQiFquzI%3D&t=4d5b0474&ps=13740610&shp=81f88b70&shcp=9b759fb9&idc=no1a&ftpl=1|https://p16-pu-sign-useast8.tiktokcdn-us.com/tos-useast8-i-photomode-tx2/f81a862e370a417ebc506bc182ef62a1~tplv-photomode-image.jpeg?dr=10375&x-expires=1760828400&x-signature=IdPXp4RhF1SNhG%2FCoHaIA4VTe%2BE%3D&t=4d5b0474&ps=13740610&shp=81f88b70&shcp=9b759fb9&idc=no1a&ftpl=1|https://p16-pu-sign-useast8.tiktokcdn-us.com/tos-useast8-i-photomode-tx2/ac66f4e15e0a4828907150bbc6c09c7f~tplv-photomode-image.jpeg?dr=10375&x-expires=1760828400&x-signature=k0XsNOsPF5l586Fuw61%2BxtRMstQ%3D&t=4d5b0474&ps=13740610&shp=81f88b70&shcp=9b759fb9&idc=no1a&ftpl=1|https://p16-pu-sign-useast8.tiktokcdn-us.com/tos-useast8-i-photomode-tx2/a4f22626ac574fbbaac7fcc3e5bcdac8~tplv-photomode-image.jpeg?dr=10375&x-expires=1760828400&x-signature=M7YIfrjVzgQoUQ%2BFsXK9UC7m3yg%3D&t=4d5b0474&ps=13740610&shp=81f88b70&shcp=9b759fb9&idc=no1a&ftpl=1|https://p16-pu-sign-useast8.tiktokcdn-us.com/tos-useast8-i-photomode-tx2/c906643eda9d44f0ab1fbcdc19e4c57e~tplv-photomode-image.jpeg?dr=10375&x-expires=1760828400&x-signature=6Fp4zvd%2FuoYA8smVufks5FquH%2B0%3D&t=4d5b0474&ps=13740610&shp=81f88b70&shcp=9b759fb9&idc=no1a&ftpl=1,"fyppppppppppppopppp, relatable, makeitviral",same_va,10.16,22.27
https://www.tiktok.com/@sofiaaaseaa/video/7561666182030298398,sofiaaaseaa,Stephanie,47300,2736,40,48,2025-10-16,https://www.tiktok.com/music/use-this-sound-if-u-love-sesbian-lex-7446094761955560214,tie dont want morningsit weems 28 taps ut want youtohold my head tellimeabout vhowimueh,True,https://p19-common-sign.tiktokcdn-us.com/tos-useast8-i-photomode-tx2/e2b7fa7ef7c44d4392c4a9ad371b9a62~tplv-photomode-image.jpeg?dr=9616&x-expires=1760976000&x-signature=5LJAMkK8dZjgEQ346wixjKuaXSc%3D&t=4d5b0474&ps=13740610&shp=81f88b70&shcp=9b759fb9&idc=useast8&ftpl=1|https://p16-common-sign.tiktokcdn-us.com/tos-useast8-i-photomode-tx2/fd55a24145894ea0aeac5e701ade3802~tplv-photomode-image.jpeg?dr=9616&x-expires=1760976000&x-signature=5NKh%2BFUiMAmm9dgQ801a3Xyjw1Y%3D&t=4d5b0474&ps=13740610&shp=81f88b70&shcp=9b759fb9&idc=useast8&ftpl=1,"relationship, missed, foryourpage",cross_creator,5.97,21.79
https://www.tiktok.com/@naomiblinkss/video/7558733212290239799,naomiblinkss,Krishna,56600,4776,65,48,2025-10-08,https://www.tiktok.com/music/if-u-use-this-sound-your-hot-7438864815189248811,pros 4 send uimon missjuu a en uplunphone ie wil playon u anviuimie svill beat uu up _ svvillyell at u if location is,True,https://p19-common-sign.tiktokcdn-us.com/tos-useast5-i-photomode-tx/c34c54c9de08448c840f57c335b4c243~tplv-photomode-image.jpeg?dr=9616&x-expires=1760850000&x-signature=%2B%2B9rqSwi%2Brni%2Bmb7b3iYk6qL%2BvE%3D&t=4d5b0474&ps=13740610&shp=81f88b70&shcp=9b759fb9&idc=useast5&ftpl=1|https://p16-common-sign.tiktokcdn-us.com/tos-useast5-i-photomode-tx/eee4594b43294451833c7be4ae23df65~tplv-photomode-image.jpeg?dr=9616&x-expires=1760850000&x-signature=iO5oDL%2FyZhfVxfSC86hh4xmeEro%3D&t=4d5b0474&ps=13740610&shp=81f88b70&shcp=9b759fb9&idc=useast5&ftpl=1|https://p16-common-sign.tiktokcdn-us.com/tos-useast5-i-photomode-tx/6c707e7a0133439582878c9822de5a5a~tplv-photomode-image.jpeg?dr=9616&x-expires=1760850000&x-signature=Bn2i3MA1BCJzM0USkgFuwhhE1u4%3D&t=4d5b0474&ps=13740610&shp=81f88b70&shcp=9b759fb9&idc=useast5&ftpl=1,"relationships, goviral, foryoupage",cross_creator,8.64,21.36
https://www.tiktok.com/@miraflaree/video/7559925462978284813,miraflaree,Mark,11700,818,224,16,2025-10-11,https://www.tiktok.com/music/Creep-7005531177679325185,,False,https://p16-common-sign.tiktokcdn-us.com/tos-useast5-i-photomode-tx/ff5e532fc5cb48f9a28ad42ce1858c5e~tplv-photomode-image.jpeg?dr=9616&x-expires=1760868000&x-signature=KOma6z0n37xQqVifa%2F9p5AiHBws%3D&t=4d5b0474&ps=13740610&shp=81f88b70&shcp=9b759fb9&idc=useast5&ftpl=1|https://p19-common-sign.tiktokcdn-us.com/tos-useast5-i-photomode-tx/411e67b3f51641e09760b277ed463c42~tplv-photomode-image.jpeg?dr=9616&x-expires=1760868000&x-signature=l4UB%2FWo7AJHtl8ddk%2F6vMHJQPow%3D&t=4d5b0474&ps=13740610&shp=81f88b70&shcp=9b759fb9&idc=useast5&ftpl=1,"relatable, fyyyyyyyyyyyyyyyy, fyp, goviral",cross_creator,9.04,21.14
https://www.tiktok.com/@sweetenedmiriam/video/7561403840684133687,sweetenedmiriam,Jarold,25100,1590,37,11,2025-10-15,https://www.tiktok.com/music/Sometimes-6780621607342704642,sisignsfalmanis a emotionally justipretending okays ssinterestinithin gs a hi seditole enjoy sennen evenssmall daily things start to 9 feel ni liketoomuch effort and he tells hime th eycion t matter et ty i ecause tl rea big c deal alpen 3 cn,True,https://p16-common-sign.tiktokcdn-us.com/tos-useast5-i-photomode-tx/89508b805c3d4f99b5cc701cd1be231f~tplv-photomode-image.jpeg?dr=9616&x-expires=1760871600&x-signature=kEjrHfU9s6cBcbwKqEkALs43E0w%3D&t=4d5b0474&ps=13740610&shp=81f88b70&shcp=9b759fb9&idc=useast8&ftpl=1|https://p16-common-sign.tiktokcdn-us.com/tos-useast5-i-photomode-tx/f41eb7a91cff448f9425e4ecd64bb93d~tplv-photomode-image.jpeg?dr=9616&x-expires=1760871600&x-signature=pgZfXco8H%2FnPH0jzvoOeRUVUGYw%3D&t=4d5b0474&ps=13740610&shp=81f88b70&shcp=9b759fb9&idc=useast8&ftpl=1|https://p16-common-sign.tiktokcdn-us.com/tos-useast5-i-photomode-tx/934801c78f9c446fb142e4d8421c5b14~tplv-photomode-image.jpeg?dr=9616&x-expires=1760871600&x-signature=U7qTLW%2FQFQSNwCXrQM6fNRqI0sI%3D&t=4d5b0474&ps=13740610&shp=81f88b70&shcp=9b759fb9&idc=useast8&ftpl=1|https://p16-common-sign.tiktokcdn-us.com/tos-useast5-i-photomode-tx/f8e67fa2e6f6492d86f6dd675ec02f00~tplv-photomode-image.jpeg?dr=9616&x-expires=1760871600&x-signature=svaxQM1ntvfFzOjdvo1giS7BVy8%3D&t=4d5b0474&ps=13740610&shp=81f88b70&shcp=9b759fb9&idc=useast8&ftpl=1,"fyp, trending, viral",same_account,6.53,20.68
https://www.tiktok.com/@meganloopss/video/7557992356302163230,meganloopss,Cedrick,153300,7205,63,204,2025-10-06,https://www.tiktok.com/music/if-u-use-this-sound-your-hot-7438864815189248811,ai re ug iar sy ay eae wille ain uifilocatio nis os,True,https://p16-common-sign.tiktokcdn-us.com/tos-useast8-i-photomode-tx2/fcce26f01ab24a5686542d67263f4d35~tplv-photomode-image.jpeg?dr=9616&x-expires=1760835600&x-signature=wpRqqIRLneQyGE25qKhGxEY0Qg0%3D&t=4d5b0474&ps=13740610&shp=81f88b70&shcp=9b759fb9&idc=useast5&ftpl=1|https://p16-common-sign.tiktokcdn-us.com/tos-useast8-i-photomode-tx2/d713cfdd47d74dbdbd696ff4ba6c6aec~tplv-photomode-image.jpeg?dr=9616&x-expires=1760835600&x-signature=lMwfVw6vDDWMrjrjO7gA15k8r%2BQ%3D&t=4d5b0474&ps=13740610&shp=81f88b70&shcp=9b759fb9&idc=useast5&ftpl=1|https://p16-common-sign.tiktokcdn-us.com/tos-useast8-i-photomode-tx2/20bea5ecadac4275b83244b7da92aa0f~tplv-photomode-image.jpeg?dr=9616&x-expires=1760835600&x-signature=11MhsvanHjn489ZrtI6JVNGqi0g%3D&t=4d5b0474&ps=13740610&shp=81f88b70&shcp=9b759fb9&idc=useast5&ftpl=1,"relationships, foryoupage, goviral",same_account,4.87,20.25
https://www.tiktok.com/@sofiasweetthighsss/video/7557590373732748558,sofiasweetthighsss,Fritz,96100,6815,24,212,2025-10-05,https://www.tiktok.com/music/use-this-sound-if-u-love-sesbian-lex-7446094761955560214,f want yout strat my _ read e tell me about,True,https://p19-common-sign.tiktokcdn-us.com/tos-useast5-i-photomode-tx/4d024585bee14fc89c20a28aadf9fe61~tplv-photomode-image.jpeg?dr=9616&x-expires=1760832000&x-signature=02R1alxhLuWA%2Focy3Np0HHeDULo%3D&t=4d5b0474&ps=13740610&shp=81f88b70&shcp=9b759fb9&idc=useast5&ftpl=1|https://p19-common-sign.tiktokcdn-us.com/tos-useast5-i-photomode-tx/1e80b7d61595413a815e16884ad08d13~tplv-photomode-image.jpeg?dr=9616&x-expires=1760832000&x-signature=WIFuxjUALpMQ3cFst4%2FyRJt%2BiL0%3D&t=4d5b0474&ps=13740610&shp=81f88b70&shcp=9b759fb9&idc=useast5&ftpl=1,"relationship, missed, foryourpage",same_account,7.34,19.9
https://www.tiktok.com/@meganflare2/video/7556827428396584247,meganflare2,Vaverly,40400,1645,2250,10,2025-10-03,https://www.tiktok.com/music/original-sound-6974720192953846529,a they realready not happy on their own so whyjdragalwoman downawithlyou arelgettingworse anyway andlitysjacomplete waste of time,True,https://p16-common-sign.tiktokcdn-us.com/tos-useast5-i-photomode-tx/3e993cc1f42c469ea95171f42a610806~tplv-photomode-image.jpeg?dr=9616&x-expires=1760817600&x-signature=sorNF3tcndqGGndZJfkxLl9%2BTlY%3D&t=4d5b0474&ps=13740610&shp=81f88b70&shcp=9b759fb9&idc=useast8&ftpl=1|https://p16-common-sign.tiktokcdn-us.com/tos-useast5-i-photomode-tx/acd49849b3a74e7094d24f5ebc12703a~tplv-photomode-image.jpeg?dr=9616&x-expires=1760817600&x-signature=0vIAApj8%2BAE798qks04KFbwup9c%3D&t=4d5b0474&ps=13740610&shp=81f88b70&shcp=9b759fb9&idc=useast8&ftpl=1|https://p16-common-sign.tiktokcdn-us.com/tos-useast5-i-photomode-tx/376d52a3d1ec4b8b95f44d5c49f460a0~tplv-photomode-image.jpeg?dr=9616&x-expires=1760817600&x-signature=JCeDAgmYDNYE%2BaTEH%2FhCuYfZWpI%3D&t=4d5b0474&ps=13740610&shp=81f88b70&shcp=9b759fb9&idc=useast8&ftpl=1,"relationship, marriage, dating, mentalhealthawareness, mensmentalhealth",cross_creator,9.67,18.8
https://www.tiktok.com/@meganliciousss/video/7558515041243319607,meganliciousss,Christopher,20600,1749,36,9,2025-10-07,https://www.tiktok.com/music/som-original-7223535509620230917,jtogethe evenythi ae its mindse atonusivss cachotne,True,https://p16-common-sign.tiktokcdn-us.com/tos-useast5-i-photomode-tx/0abf651a12cb4af39370254cd3aaad1f~tplv-photomode-image.jpeg?dr=9616&x-expires=1760846400&x-signature=PbE%2BexJuTMTyC8cEo4coB5peDqA%3D&t=4d5b0474&ps=13740610&shp=81f88b70&shcp=9b759fb9&idc=useast8&ftpl=1|https://p16-common-sign.tiktokcdn-us.com/tos-useast5-i-photomode-tx/182e20861c964797a2382dd78c303004~tplv-photomode-image.jpeg?dr=9616&x-expires=1760846400&x-signature=HIIqxFjdAT%2Fps2ypgKMqFirI2T8%3D&t=4d5b0474&ps=13740610&shp=81f88b70&shcp=9b759fb9&idc=useast8&ftpl=1|https://p16-common-sign.tiktokcdn-us.com/tos-useast5-i-photomode-tx/ac96ddc9299049a6ac953fb680562345~tplv-photomode-image.jpeg?dr=9616&x-expires=1760846400&x-signature=PsYZdjAP9%2BAbMRd90at%2FWXj1Ew4%3D&t=4d5b0474&ps=13740610&shp=81f88b70&shcp=9b759fb9&idc=useast8&ftpl=1|https://p16-common-sign.tiktokcdn-us.com/tos-useast5-i-photomode-tx/8c815a075d8c4d45ba88e20b0ce4ec50~tplv-photomode-image.jpeg?dr=9616&x-expires=1760846400&x-signature=Ro5lSgXwLTqIVYq6qAIHNKcsE8c%3D&t=4d5b0474&ps=13740610&shp=81f88b70&shcp=9b759fb9&idc=useast8&ftpl=1|https://p16-common-sign.tiktokcdn-us.com/tos-useast5-i-photomode-tx/287c56457b4f478c8ee0b0f61d093433~tplv-photomode-image.jpeg?dr=9616&x-expires=1760846400&x-signature=YsYkvYguRmfrDOtN%2FzO0i1TPeJQ%3D&t=4d5b0474&ps=13740610&shp=81f88b70&shcp=9b759fb9&idc=useast8&ftpl=1,,same_va,8.71,18.68
https://www.tiktok.com/@miriamchicc/video/7557244896495619359,miriamchicc,Carla,10300,932,1,96,2025-10-04,https://www.tiktok.com/music/som-original-6977544672965085958,bounceron itonce or twicea stayfreaky,True,https://p16-common-sign.tiktokcdn-us.com/tos-useast8-i-photomode-tx2/bcd759e40ef049e7afc3bdae3883e7bc~tplv-photomode-image.jpeg?dr=9616&x-expires=1760824800&x-signature=JoGQ9%2FfPK7Vn0VX1ItxkiQvQI1Y%3D&t=4d5b0474&ps=13740610&shp=81f88b70&shcp=9b759fb9&idc=useast5&ftpl=1|https://p16-common-sign.tiktokcdn-us.com/tos-useast8-i-photomode-tx2/6e7b0ab690074865967ca82ba980526e~tplv-photomode-image.jpeg?dr=9616&x-expires=1760824800&x-signature=apMz2Y8Y9Nvg5NMJCjzw94zcz5E%3D&t=4d5b0474&ps=13740610&shp=81f88b70&shcp=9b759fb9&idc=useast5&ftpl=1,"goviral, relatable, fyp, foryoupage",same_account,9.99,18.1
https://www.tiktok.com/@aureliaareign/video/7558295431084608782,aureliaareign,Luna,11700,743,238,1,2025-10-07,https://www.tiktok.com/music/Sometimes-6780621607342704642,x donnticheat ibigheanty caring loyal always down,True,https://p16-sign.tiktokcdn-us.com/tos-useast5-i-photomode-tx/fc95fd15cb384ff795ef528bd350f39d~tplv-photomode-image.jpeg?dr=14555&x-expires=1760842800&x-signature=bUflGfeC68l2O501BSfpv9SP5CA%3D&t=4d5b0474&ps=13740610&shp=81f88b70&shcp=9b759fb9&idc=my2&ftpl=1|https://p19-sign.tiktokcdn-us.com/tos-useast5-i-photomode-tx/4a0956bb4075486788f96644079fc2b0~tplv-photomode-image.jpeg?dr=14555&x-expires=1760842800&x-signature=TmeQiWmTn3AABY8RpiBJFmegyek%3D&t=4d5b0474&ps=13740610&shp=81f88b70&shcp=9b759fb9&idc=my2&ftpl=1,"men, loyal, care",same_account,8.39,17.66
https://www.tiktok.com/@maraswettiee/video/7559828165086973215,maraswettiee,Alvin,11600,666,42,15,2025-10-11,https://www.tiktok.com/music/original-sound-7474887426901543711,t want don eal ep any ic men ecomi worse than men nr re loving 1 fads oe vocabulary nowadays they complaining 2417 e are wen then say all men are the same,True,https://p16-common-sign.tiktokcdn-us.com/tos-useast8-i-photomode-tx2/273d685e0f294c529ab4aadfaf8109fe~tplv-photomode-image.jpeg?dr=9616&x-expires=1760864400&x-signature=nPOeaVn49Qo8V0jZP%2FCbOpPd6Js%3D&t=4d5b0474&ps=13740610&shp=81f88b70&shcp=9b759fb9&idc=useast5&ftpl=1|https://p16-common-sign.tiktokcdn-us.com/tos-useast8-i-photomode-tx2/1a9b9828dab547d3aea6fb1a8eb25880~tplv-photomode-image.jpeg?dr=9616&x-expires=1760864400&x-signature=dVtzOCE6upSQ7ymBauzR7BobuFU%3D&t=4d5b0474&ps=13740610&shp=81f88b70&shcp=9b759fb9&idc=useast5&ftpl=1,"foryoupage, goviral, trending",cross_creator,6.23,16.92
https://www.tiktok.com/@maraglowsyyy/video/7557762225696476447,maraglowsyyy,Jason,11300,891,68,4,2025-10-05,https://www.tiktok.com/music/Metallica--Nothing-Else-Matters--7101347349154237189,,False,https://p16-common-sign.tiktokcdn-us.com/tos-useast8-i-photomode-tx2/9626eee62778437b83f127752819660d~tplv-photomode-image.jpeg?dr=9616&x-expires=1760835600&x-signature=YpVD5nxyi7f%2Ffehj270sSKe2wIk%3D&t=4d5b0474&ps=13740610&shp=81f88b70&shcp=9b759fb9&idc=useast8&ftpl=1|https://p16-common-sign.tiktokcdn-us.com/tos-useast8-i-photomode-tx2/cac063cc9f354a85a1e4c1d3c484df38~tplv-photomode-image.jpeg?dr=9616&x-expires=1760835600&x-signature=V4%2BUozMabUIR49lzJgcHrtuybEE%3D&t=4d5b0474&ps=13740610&shp=81f88b70&shcp=9b759fb9&idc=useast8&ftpl=1|https://p16-common-sign.tiktokcdn-us.com/tos-useast8-i-photomode-tx2/1a5b8ae22e46467594e926777234d8c0~tplv-photomode-image.jpeg?dr=9616&x-expires=1760835600&x-signature=8D5NDDADPbZSmPWTzUvcf98IC%2B0%3D&t=4d5b0474&ps=13740610&shp=81f88b70&shcp=9b759fb9&idc=useast8&ftpl=1,,cross_creator,8.52,16.58
https://www.tiktok.com/@meganflaree/video/7560219546473270542,meganflaree,Cedrick,21800,1035,55,25,2025-10-12,Goodbye Pill,,False,,#relationshipgoals #goviral #fyp ,same_va,5.11,16.47
https://www.tiktok.com/@sofiaagrabb/video/7559770385676258573,sofiaagrabb,Pilar,14800,654,201,3,2025-10-11,https://www.tiktok.com/music/Sometimes-6780621607342704642,,False,https://p16-sign.tiktokcdn-us.com/tos-useast5-i-photomode-tx/e5aba40c2fb14f5da2225650a232a75c~tplv-photomode-image.jpeg?dr=14555&x-expires=1760864400&x-signature=Q4jz%2FLAZyNTBD7Gdo8QOZU6M1DM%3D&t=4d5b0474&ps=13740610&shp=81f88b70&shcp=9b759fb9&idc=maliva&ftpl=1|https://p19-sign.tiktokcdn-us.com/tos-useast5-i-photomode-tx/83ef1145e40e4dffa4a10e9276d9319f~tplv-photomode-image.jpeg?dr=14555&x-expires=1760864400&x-signature=ClVhuxrmU1TkQ4ePnhDhbvISWDc%3D&t=4d5b0474&ps=13740610&shp=81f88b70&shcp=9b759fb9&idc=maliva&ftpl=1,"men, loyal, care",same_account,5.8,16.46
https://www.tiktok.com/@naomipeeks/video/7557388678197202207,naomipeeks,Chin,87800,4591,106,32,2025-10-04,https://www.tiktok.com/music/som-original-7223535509620230917,still spendingfa lot of timetogether,True,https://p16-common-sign.tiktokcdn-us.com/tos-useast8-i-photomode-tx2/0e3580d9219744ec8b78f7faf572966d~tplv-photomode-image.jpeg?dr=9616&x-expires=1760828400&x-signature=f%2BQ85ImD1utR1EHK%2BJ4VSOebNV4%3D&t=4d5b0474&ps=13740610&shp=81f88b70&shcp=9b759fb9&idc=useast5&ftpl=1|https://p16-common-sign.tiktokcdn-us.com/tos-useast8-i-photomode-tx2/41410f9518444c1db4b1a8dbac8eee45~tplv-photomode-image.jpeg?dr=9616&x-expires=1760828400&x-signature=F9MQ9ybzoAH8d%2Bq15Rh9yjlvnoA%3D&t=4d5b0474&ps=13740610&shp=81f88b70&shcp=9b759fb9&idc=useast5&ftpl=1|https://p16-common-sign.tiktokcdn-us.com/tos-useast8-i-photomode-tx2/a56ba0790ea342539dd16edee3530290~tplv-photomode-image.jpeg?dr=9616&x-expires=1760828400&x-signature=BBj6nZU7AfdASfSegK8CVqXgEK0%3D&t=4d5b0474&ps=13740610&shp=81f88b70&shcp=9b759fb9&idc=useast5&ftpl=1|https://p16-common-sign.tiktokcdn-us.com/tos-useast8-i-photomode-tx2/850fe1fa242d40369c1c7f4befd6bfba~tplv-photomode-image.jpeg?dr=9616&x-expires=1760828400&x-signature=bwWMyLe2i9M6rAJAtNZD3YuMQ3k%3D&t=4d5b0474&ps=13740610&shp=81f88b70&shcp=9b759fb9&idc=useast5&ftpl=1|https://p16-common-sign.tiktokcdn-us.com/tos-useast8-i-photomode-tx2/b8474637f6ce47cc92f8aeb67a54f196~tplv-photomode-image.jpeg?dr=9616&x-expires=1760828400&x-signature=cKNWd15tmVFI%2FutkvzabEZts2co%3D&t=4d5b0474&ps=13740610&shp=81f88b70&shcp=9b759fb9&idc=useast5&ftpl=1,"relatable, relationship, fyp, viraltiktok",same_va,5.39,15.85
https://www.tiktok.com/@tyralurk/video/7559306604458331406,tyralurk,Rico,86800,2643,45,46,2025-10-09,https://www.tiktok.com/music/som-original-7223535509620230917,lou begin p notice e2 each othe 1 em cm 2 ae frequent arguments and flicts entsiofc aen yd feelings nd stage four you made it,True,https://p16-common-sign.tiktokcdn-us.com/tos-useast5-i-photomode-tx/226200c9ee454b87b347bb202cf8d2d0~tplv-photomode-image.jpeg?dr=9616&x-expires=1760857200&x-signature=o%2F7hb9XyQE%2BdBkhhrMr%2F4JqBVIs%3D&t=4d5b0474&ps=13740610&shp=81f88b70&shcp=9b759fb9&idc=useast8&ftpl=1|https://p16-common-sign.tiktokcdn-us.com/tos-useast5-i-photomode-tx/ad7b7e0d61d849da881baa0968fa5e5e~tplv-photomode-image.jpeg?dr=9616&x-expires=1760857200&x-signature=ZlZPc0w2f8n%2BL61vVAzZh931K38%3D&t=4d5b0474&ps=13740610&shp=81f88b70&shcp=9b759fb9&idc=useast8&ftpl=1|https://p16-common-sign.tiktokcdn-us.com/tos-useast5-i-photomode-tx/69f950fc53ad4640b89cd41341b6e602~tplv-photomode-image.jpeg?dr=9616&x-expires=1760857200&x-signature=wSagfgnQzDce%2BgIUQ9N0jegl6Rc%3D&t=4d5b0474&ps=13740610&shp=81f88b70&shcp=9b759fb9&idc=useast8&ftpl=1|https://p16-common-sign.tiktokcdn-us.com/tos-useast5-i-photomode-tx/090adb1799d845468dcdbb21ca002dc0~tplv-photomode-image.jpeg?dr=9616&x-expires=1760857200&x-signature=MTyHqEgv1%2BYQ3%2FA6hkMSZbdGGzU%3D&t=4d5b0474&ps=13740610&shp=81f88b70&shcp=9b759fb9&idc=useast8&ftpl=1|https://p16-common-sign.tiktokcdn-us.com/tos-useast5-i-photomode-tx/c18814cdfc254b77854908f55374d08f~tplv-photomode-image.jpeg?dr=9616&x-expires=1760857200&x-signature=pn5HPHLlYp5l2Us6G%2FJzchb3eK4%3D&t=4d5b0474&ps=13740610&shp=81f88b70&shcp=9b759fb9&idc=useast8&ftpl=1,,cross_creator,3.15,15.56
https://www.tiktok.com/@sukihanae/video/7557002804838092045,sukihanae,Vince,19200,869,720,9,2025-10-03,https://www.tiktok.com/music/live-forever-7478383195153419030,,False,https://p16-sign.tiktokcdn-us.com/tos-useast5-i-photomode-tx/abb5c05521f144e28e0544e182477a5b~tplv-photomode-image.jpeg?dr=14555&x-expires=1760821200&x-signature=4sB4KQYkYiHlUuZjDMSqKbHcKpM%3D&t=4d5b0474&ps=13740610&shp=81f88b70&shcp=9b759fb9&idc=maliva&ftpl=1|https://p19-sign.tiktokcdn-us.com/tos-useast5-i-photomode-tx/fc5d6587797746d2b8d6619288d60894~tplv-photomode-image.jpeg?dr=14555&x-expires=1760821200&x-signature=aAImix0Am5FGLzYaeIvOTeS6J9Q%3D&t=4d5b0474&ps=13740610&shp=81f88b70&shcp=9b759fb9&idc=maliva&ftpl=1,"relationshipgoals, goviral, fyp, trending",same_account,8.32,15.51
https://www.tiktok.com/@tyrasneak/video/7558441758049291533,tyrasneak,Kyle,14400,847,29,29,2025-10-07,https://www.tiktok.com/music/som-original-7223535509620230917,mm we verything eels excitin 3 so y stageltwosthelreality geek by me vin small disagreements stanly sil is a lot of time sitogetheraa nm ur tae er ae hy eed i ae oso petts way teach fh ve stagefoursyoulmadeit i youive weatheredithelstorm andiare commiteditoimoving withleachlotherga work togethertojfixejleann andis 2,True,https://p16-common-sign.tiktokcdn-us.com/tos-useast5-i-photomode-tx/c1a0b0fef5654ab7b5087fa58a755346~tplv-photomode-image.jpeg?dr=9616&x-expires=1760846400&x-signature=PzczoOfXkn4yADHTfyZkxMgXkBw%3D&t=4d5b0474&ps=13740610&shp=81f88b70&shcp=9b759fb9&idc=useast5&ftpl=1|https://p16-common-sign.tiktokcdn-us.com/tos-useast5-i-photomode-tx/da132ca57e424471bac8446ad2ce554e~tplv-photomode-image.jpeg?dr=9616&x-expires=1760846400&x-signature=mk4gl12CjszGm0O42M%2BpHAu26%2Fw%3D&t=4d5b0474&ps=13740610&shp=81f88b70&shcp=9b759fb9&idc=useast5&ftpl=1|https://p16-common-sign.tiktokcdn-us.com/tos-useast5-i-photomode-tx/7807232a17c84035a8ba655f3c037465~tplv-photomode-image.jpeg?dr=9616&x-expires=1760846400&x-signature=2CQO8Stm1fgsMPHr0w37D6wy2T0%3D&t=4d5b0474&ps=13740610&shp=81f88b70&shcp=9b759fb9&idc=useast5&ftpl=1|https://p16-common-sign.tiktokcdn-us.com/tos-useast5-i-photomode-tx/1c24cfa4fec74db0a771720b6f766bde~tplv-photomode-image.jpeg?dr=9616&x-expires=1760846400&x-signature=Ti9MfQleMeKaiP8xqGl211VQ7Vw%3D&t=4d5b0474&ps=13740610&shp=81f88b70&shcp=9b759fb9&idc=useast5&ftpl=1|https://p16-common-sign.tiktokcdn-us.com/tos-useast5-i-photomode-tx/bf2469fb5fa547b684995243d90f81f7~tplv-photomode-image.jpeg?dr=9616&x-expires=1760846400&x-signature=aTjEIuXpBbbfBE4vTAxyH39DWrI%3D&t=4d5b0474&ps=13740610&shp=81f88b70&shcp=9b759fb9&idc=useast5&ftpl=1,,cross_creator,6.28,14.66
https://www.tiktok.com/@naomigazee/video/7557293953146457357,naomigazee,Abegail,20800,1379,6,18,2025-10-04,https://www.tiktok.com/music/if-u-use-this-sound-your-hot-7438864815189248811,ay tts ae s s se x eat _,True,https://p16-common-sign.tiktokcdn-us.com/tos-useast5-i-photomode-tx/3bc53c84a57447c086fbd8e7d1278e24~tplv-photomode-image.jpeg?dr=9616&x-expires=1760828400&x-signature=T%2Bd%2FKRoT1eppAvOjowejiColxPA%3D&t=4d5b0474&ps=13740610&shp=81f88b70&shcp=9b759fb9&idc=useast8&ftpl=1|https://p19-common-sign.tiktokcdn-us.com/tos-useast5-i-photomode-tx/a9ce53e610a64fd8b35c769ca067f454~tplv-photomode-image.jpeg?dr=9616&x-expires=1760828400&x-signature=q4TV3YpFJHtxctMzFsSIfKY76nE%3D&t=4d5b0474&ps=13740610&shp=81f88b70&shcp=9b759fb9&idc=useast8&ftpl=1|https://p16-common-sign.tiktokcdn-us.com/tos-useast5-i-photomode-tx/b69c070bffb243548cb44d0d8d282686~tplv-photomode-image.jpeg?dr=9616&x-expires=1760828400&x-signature=x117RiyXe4tbn7NLPqZhf%2BwZJTg%3D&t=4d5b0474&ps=13740610&shp=81f88b70&shcp=9b759fb9&idc=useast8&ftpl=1,"tiktokviral, viral, goviral",same_account,6.75,13.87
https://www.tiktok.com/@megannvue/video/7558270662142430477,megannvue,Dominic,10800,596,23,0,2025-10-07,https://www.tiktok.com/music/Gone-Forever-6696412720549332994,,False,https://p16-sign.tiktokcdn-us.com/tos-useast5-i-photomode-tx/07994fe06c3a4b7c87e1154221226d40~tplv-photomode-image.jpeg?dr=10375&x-expires=1760842800&x-signature=BpljxZnr3g1DdNWMcWD%2BA0t0wCM%3D&t=4d5b0474&ps=13740610&shp=81f88b70&shcp=9b759fb9&idc=no1a&ftpl=1|https://p16-sign.tiktokcdn-us.com/tos-useast5-i-photomode-tx/24376e32082c4d668a4cf4300402b79d~tplv-photomode-image.jpeg?dr=10375&x-expires=1760842800&x-signature=mS90hZOYMspMGHumE9pJlr5bauI%3D&t=4d5b0474&ps=13740610&shp=81f88b70&shcp=9b759fb9&idc=no1a&ftpl=1,"futurehusband, typ, bluecollar, threedaysgrace",same_account,5.73,13.62
https://www.tiktok.com/@meganslidess/video/7556674048428690702,meganslidess,Cedrick,15400,1055,14,35,2025-10-02,https://www.tiktok.com/music/som-original-7223535509620230917,uerelareth beginitonotice each at annoying habits 7 imisunderstanding eediedanae o eee shifting buss thejjproblempminotusivs eachlotherg,True,https://p19-common-sign.tiktokcdn-us.com/tos-useast5-i-photomode-tx/62eb750a156745768d9f943b469ed8bf~tplv-photomode-image.jpeg?dr=9616&x-expires=1760817600&x-signature=J%2BfHKR8c7uBDq%2BQSmFZCOYwK1AE%3D&t=4d5b0474&ps=13740610&shp=81f88b70&shcp=9b759fb9&idc=useast5&ftpl=1|https://p16-common-sign.tiktokcdn-us.com/tos-useast5-i-photomode-tx/1392d8a9065b480da4737074fd056312~tplv-photomode-image.jpeg?dr=9616&x-expires=1760817600&x-signature=cTOtZ2Lp6p1I5zcF%2BKR6NhkmJYM%3D&t=4d5b0474&ps=13740610&shp=81f88b70&shcp=9b759fb9&idc=useast5&ftpl=1|https://p16-common-sign.tiktokcdn-us.com/tos-useast5-i-photomode-tx/eb6ddc149ce640bc80c952286a2d2604~tplv-photomode-image.jpeg?dr=9616&x-expires=1760817600&x-signature=q2%2BHzGUmLEK%2FQxvJTXb8uRbkVH4%3D&t=4d5b0474&ps=13740610&shp=81f88b70&shcp=9b759fb9&idc=useast5&ftpl=1|https://p16-common-sign.tiktokcdn-us.com/tos-useast5-i-photomode-tx/76f0eb6e25d144958caccb619f3e71ed~tplv-photomode-image.jpeg?dr=9616&x-expires=1760817600&x-signature=SR5GnZ5e9TbSDSlht%2BaKr1xuIk8%3D&t=4d5b0474&ps=13740610&shp=81f88b70&shcp=9b759fb9&idc=useast5&ftpl=1|https://p16-common-sign.tiktokcdn-us.com/tos-useast5-i-photomode-tx/ab1d61992a17494286eb3124d5c33856~tplv-photomode-image.jpeg?dr=9616&x-expires=1760817600&x-signature=nEyOoD1CD%2BSLyS1J37yfSHUsKUQ%3D&t=4d5b0474&ps=13740610&shp=81f88b70&shcp=9b759fb9&idc=useast5&ftpl=1,,same_account,7.17,12.93
https://www.tiktok.com/@naomizooms/video/7559937701919706399,naomizooms,Chin,46700,859,41,48,2025-10-11,https://www.tiktok.com/music/Duvet-6804717698832943106,j _ o 2 _ hesjclearly not okay wongtialwayssayh itoutidefinitely feel its v atts hurt him 7,True,https://p16-pu-sign-useast8.tiktokcdn-us.com/tos-useast8-i-photomode-tx2/6d3ea6068a6248179e355f84d4d94289~tplv-photomode-image.jpeg?dr=10375&x-expires=1760868000&x-signature=c%2FKM5Y1REi2VDFC3Rl1um5gNI0k%3D&t=4d5b0474&ps=13740610&shp=81f88b70&shcp=9b759fb9&idc=no1a&ftpl=1|https://p16-pu-sign-useast8.tiktokcdn-us.com/tos-useast8-i-photomode-tx2/cef59a36b655417a88eaed56a4c79963~tplv-photomode-image.jpeg?dr=10375&x-expires=1760868000&x-signature=2a2TSdOGYBHr%2B5CCiwxgdW2Oozw%3D&t=4d5b0474&ps=13740610&shp=81f88b70&shcp=9b759fb9&idc=no1a&ftpl=1|https://p16-pu-sign-useast8.tiktokcdn-us.com/tos-useast8-i-photomode-tx2/c5848832c3304634ad72293812b0c340~tplv-photomode-image.jpeg?dr=10375&x-expires=1760868000&x-signature=NwLeFii2qqWqkwjzavyvixuIl7M%3D&t=4d5b0474&ps=13740610&shp=81f88b70&shcp=9b759fb9&idc=no1a&ftpl=1|https://p16-pu-sign-useast8.tiktokcdn-us.com/tos-useast8-i-photomode-tx2/84e3d0ce785947c7a6fd0b2387517659~tplv-photomode-image.jpeg?dr=10375&x-expires=1760868000&x-signature=1gW2%2FPkIxlpaZmTOyvKCgKo8B60%3D&t=4d5b0474&ps=13740610&shp=81f88b70&shcp=9b759fb9&idc=no1a&ftpl=1|https://p16-pu-sign-useast8.tiktokcdn-us.com/tos-useast8-i-photomode-tx2/2b376e8679974b0e90c2113d36d81dc5~tplv-photomode-image.jpeg?dr=10375&x-expires=1760868000&x-signature=5N61RFSwD8rHD1rQ%2FMlaR97WmG8%3D&t=4d5b0474&ps=13740610&shp=81f88b70&shcp=9b759fb9&idc=no1a&ftpl=1|https://p16-pu-sign-useast8.tiktokcdn-us.com/tos-useast8-i-photomode-tx2/eee2ffa4ef4140d3acea7b809106e83b~tplv-photomode-image.jpeg?dr=10375&x-expires=1760868000&x-signature=FFZycpV86b4LXHvn%2Fi1b4vwJ63o%3D&t=4d5b0474&ps=13740610&shp=81f88b70&shcp=9b759fb9&idc=no1a&ftpl=1|https://p16-pu-sign-useast8.tiktokcdn-us.com/tos-useast8-i-photomode-tx2/1937e477a16d47a6ab858095aeac678a~tplv-photomode-image.jpeg?dr=10375&x-expires=1760868000&x-signature=89k9LRrVDIKw%2FoANk0Fw6lXvsOw%3D&t=4d5b0474&ps=13740610&shp=81f88b70&shcp=9b759fb9&idc=no1a&ftpl=1|https://p16-pu-sign-useast8.tiktokcdn-us.com/tos-useast8-i-photomode-tx2/30111889266740a88d4894c224b5bd8c~tplv-photomode-image.jpeg?dr=10375&x-expires=1760868000&x-signature=ILSiyRR7%2B3Q0IiIq8c1fg8hc3mY%3D&t=4d5b0474&ps=13740610&shp=81f88b70&shcp=9b759fb9&idc=no1a&ftpl=1,"relationship, blowthisup, tiktok, fypage",same_account,2.03,12.72
https://www.tiktok.com/@meganvue/video/7558211223578348830,meganvue,Christopher,16300,766,37,25,2025-10-06,https://www.tiktok.com/music/som-original-7223535509620230917,stagesfourtyoulmadeit vou wa ieatinered tine stom fandfarelcommiteditolmoving forwardiwithleachothen hifjti ithep m eachother,True,https://p16-common-sign.tiktokcdn-us.com/tos-useast8-i-photomode-tx2/044f75b67f1c4dd8aae3d8844a6175f6~tplv-photomode-image.jpeg?dr=9616&x-expires=1760839200&x-signature=n7v2EI4FlfCJ7LGeuKLuW6gk1lQ%3D&t=4d5b0474&ps=13740610&shp=81f88b70&shcp=9b759fb9&idc=useast8&ftpl=1|https://p16-common-sign.tiktokcdn-us.com/tos-useast8-i-photomode-tx2/54d82ac544dc4ba29e1abf4a33032996~tplv-photomode-image.jpeg?dr=9616&x-expires=1760839200&x-signature=mHKcRbR%2BIE2dYHkL1yWmkqenidk%3D&t=4d5b0474&ps=13740610&shp=81f88b70&shcp=9b759fb9&idc=useast8&ftpl=1|https://p16-common-sign.tiktokcdn-us.com/tos-useast8-i-photomode-tx2/51f71a7ef03a4ee994f6c1accdc17d97~tplv-photomode-image.jpeg?dr=9616&x-expires=1760839200&x-signature=jylvy11MQ9e69sxiKiuS3%2FNinDE%3D&t=4d5b0474&ps=13740610&shp=81f88b70&shcp=9b759fb9&idc=useast8&ftpl=1|https://p19-common-sign.tiktokcdn-us.com/tos-useast8-i-photomode-tx2/ba5b000a14a9434bb6c2a36d2e737636~tplv-photomode-image.jpeg?dr=9616&x-expires=1760839200&x-signature=WbkSPlaGoLUlNHZezWkJ6TfP9XI%3D&t=4d5b0474&ps=13740610&shp=81f88b70&shcp=9b759fb9&idc=useast8&ftpl=1|https://p16-common-sign.tiktokcdn-us.com/tos-useast8-i-photomode-tx2/6e152909a97947ce82eaaea96941380f~tplv-photomode-image.jpeg?dr=9616&x-expires=1760839200&x-signature=MYVauWwVpc%2B7WwEzOLG8ON5ow8U%3D&t=4d5b0474&ps=13740610&shp=81f88b70&shcp=9b759fb9&idc=useast8&ftpl=1,,same_account,5.08,12.35
https://www.tiktok.com/@naomisqueeze/video/7559339469862604046,naomisqueeze,Beverly,14000,440,90,2,2025-10-09,https://www.tiktok.com/music/original-sound-7494764842570631978,fckiit sending to everyone whojresponds withshiy,True,https://p16-common-sign.tiktokcdn-us.com/tos-useast5-i-photomode-tx/59a613053ee147ee894bcb9725807182~tplv-photomode-image.jpeg?dr=9616&x-expires=1760857200&x-signature=24gA1OkjnDBfdJHGLFF8vn5XKZI%3D&t=4d5b0474&ps=13740610&shp=81f88b70&shcp=9b759fb9&idc=useast5&ftpl=1|https://p16-common-sign.tiktokcdn-us.com/tos-useast5-i-photomode-tx/4549590dd7784c07802182a3076c38e0~tplv-photomode-image.jpeg?dr=9616&x-expires=1760857200&x-signature=jUkHSpfS1sryTSa3tfb2dVpbRrs%3D&t=4d5b0474&ps=13740610&shp=81f88b70&shcp=9b759fb9&idc=useast5&ftpl=1,"relatable, foryoupage, fууууууууууу",cross_creator,3.8,12.16
https://www.tiktok.com/@aririflick/video/7557596872563625247,aririflick,Triesha,13500,679,9,50,2025-10-05,https://www.tiktok.com/music/som-original-7223535509620230917,stagejone the honeymoon phase always happy no arguments spendinga lot of time together sy everything feels excitingand new stage twesthe reality check small disagreements start to happen otheris spree habits flaws come into view still spending a lot of time r together apart you start to lose patience with each other __ frequent arguments and va es intense conflicts moments of doubt break ups happen at this stage _ feelings of uisconndie misunderstanding elfour you madejit yore weathered thre commited to moving forward with each work together tolfix4 learn and grow developing health communication ski ts,True,https://p16-common-sign.tiktokcdn-us.com/tos-useast8-i-photomode-tx2/3016528c76dd431f9fa5b04532ff277d~tplv-photomode-image.jpeg?dr=9616&x-expires=1760832000&x-signature=5PV%2FLLWXkv%2FG8H7OA1GOrXRvbTU%3D&t=4d5b0474&ps=13740610&shp=81f88b70&shcp=9b759fb9&idc=useast8&ftpl=1|https://p19-common-sign.tiktokcdn-us.com/tos-useast8-i-photomode-tx2/50489a36138c4ff3a7856a2eecc5c77c~tplv-photomode-image.jpeg?dr=9616&x-expires=1760832000&x-signature=wydfEodaDjQ7rqEwaxE%2BNCtyCbk%3D&t=4d5b0474&ps=13740610&shp=81f88b70&shcp=9b759fb9&idc=useast8&ftpl=1|https://p16-common-sign.tiktokcdn-us.com/tos-useast8-i-photomode-tx2/b48ab41263014412b66ba0f687fc4e4e~tplv-photomode-image.jpeg?dr=9616&x-expires=1760832000&x-signature=sMTOLfkh3oTGSlfNMKd%2BVkSGomM%3D&t=4d5b0474&ps=13740610&shp=81f88b70&shcp=9b759fb9&idc=useast8&ftpl=1|https://p16-common-sign.tiktokcdn-us.com/tos-useast8-i-photomode-tx2/1028e0b2984c45c48a1d1d147cda1a2d~tplv-photomode-image.jpeg?dr=9616&x-expires=1760832000&x-signature=3Z9kCpJtqOJsAht4gQTZatuIpXc%3D&t=4d5b0474&ps=13740610&shp=81f88b70&shcp=9b759fb9&idc=useast8&ftpl=1|https://p16-common-sign.tiktokcdn-us.com/tos-useast8-i-photomode-tx2/8fc71954624a49fc809b0c3e3389f0c5~tplv-photomode-image.jpeg?dr=9616&x-expires=1760832000&x-signature=1lSYbR7S7RqITiGHnsG1jEp5ztc%3D&t=4d5b0474&ps=13740610&shp=81f88b70&shcp=9b759fb9&idc=useast8&ftpl=1,"relatable, relationship, fyp, viraltiktok",same_va,5.47,12.14
https://www.tiktok.com/@aririmelts/video/7557239598502382879,aririmelts,Triesha,42500,1922,29,24,2025-10-04,https://www.tiktok.com/music/som-original-7223535509620230917,stage one the honeymoon phase always happy no arguments spending a lot of time together everything feels exciting and new selpati _ with each other ws frequent arguments moments of doubt break ups happen anthis sd ee and misunderstanding i four you madelitixs youve weathered they __ storm and are commited to moving forward with each other el together to fix learn and grow developing healthy communication skills vs eachother _,True,https://p16-pu-sign-useast8.tiktokcdn-us.com/tos-useast8-i-photomode-tx2/7076788338524ef5a5233d3fe4c535da~tplv-photomode-image.jpeg?dr=10375&x-expires=1760824800&x-signature=UpS3dLfFKXFPHenv5Bu8KI%2Bgdhg%3D&t=4d5b0474&ps=13740610&shp=81f88b70&shcp=9b759fb9&idc=no1a&ftpl=1|https://p16-pu-sign-useast8.tiktokcdn-us.com/tos-useast8-i-photomode-tx2/9645c494a1574ca28033c9135c5a2232~tplv-photomode-image.jpeg?dr=10375&x-expires=1760824800&x-signature=8cBjBABtxFytnTrwBKO2HxQ4tmw%3D&t=4d5b0474&ps=13740610&shp=81f88b70&shcp=9b759fb9&idc=no1a&ftpl=1|https://p16-pu-sign-useast8.tiktokcdn-us.com/tos-useast8-i-photomode-tx2/737472d6a86d48b59cc5719ad6da5ef7~tplv-photomode-image.jpeg?dr=10375&x-expires=1760824800&x-signature=%2FUtuiHm0%2BalcJsVQHwschDREkxs%3D&t=4d5b0474&ps=13740610&shp=81f88b70&shcp=9b759fb9&idc=no1a&ftpl=1|https://p16-pu-sign-useast8.tiktokcdn-us.com/tos-useast8-i-photomode-tx2/97eb6637d4c84b50bfc9ef6102aa2318~tplv-photomode-image.jpeg?dr=10375&x-expires=1760824800&x-signature=QvmxMHAgNSxAwAghjJBF%2F7wsL3g%3D&t=4d5b0474&ps=13740610&shp=81f88b70&shcp=9b759fb9&idc=no1a&ftpl=1|https://p16-pu-sign-useast8.tiktokcdn-us.com/tos-useast8-i-photomode-tx2/0749e3737f26418baf185d09c7ac73ed~tplv-photomode-image.jpeg?dr=10375&x-expires=1760824800&x-signature=qpdHRf6f46NLvnUchxHV1VNjNPg%3D&t=4d5b0474&ps=13740610&shp=81f88b70&shcp=9b759fb9&idc=no1a&ftpl=1,"relatable, relationship, fyp, viraltiktok",same_va,4.65,12.03
https://www.tiktok.com/@blushmiriam/video/7560315908099525919,blushmiriam,Joshua,17500,389,4,9,2025-10-12,som original,espending a lot of time together hae everythingifeels exciting new a to to happen you begin to notice each other sannoying he habits baye come intoview spending alot of time r by an storm andl ny ed tojmoving ei th y shifting pier vs ithe problem not ne 5s ss j el,True,,,cross_creator,2.3,12.0
https://www.tiktok.com/@tightlegssofia/video/7558997317244800269,tightlegssofia,Fritz,71500,1021,34,216,2025-10-08,https://www.tiktok.com/music/som-original-7223535509620230917,stagelonesthe _ honeymoon pee _ i wau eo ft intense conflict moments of doubt lo yr negssfage feelings of digconnect gand misunderstanding eakups happen at this i ae y developing healthy communication skills shifting mindset to us vs the problem not us vs each other,True,https://p16-common-sign.tiktokcdn-us.com/tos-useast5-i-photomode-tx/c4a13008e73c48a2ab6034ded97d118c~tplv-photomode-image.jpeg?dr=9616&x-expires=1760853600&x-signature=c%2F1gKE8fvQZ9bojSDPDVJ4MGQo0%3D&t=4d5b0474&ps=13740610&shp=81f88b70&shcp=9b759fb9&idc=useast8&ftpl=1|https://p16-common-sign.tiktokcdn-us.com/tos-useast5-i-photomode-tx/35d2b932c3bd4a95bf95e19cc9db1572~tplv-photomode-image.jpeg?dr=9616&x-expires=1760853600&x-signature=Glt9XKoJbx%2B0RBuK821wz9f0jRM%3D&t=4d5b0474&ps=13740610&shp=81f88b70&shcp=9b759fb9&idc=useast8&ftpl=1|https://p16-common-sign.tiktokcdn-us.com/tos-useast5-i-photomode-tx/24a48d201eef49a7804e6d74d29b3d87~tplv-photomode-image.jpeg?dr=9616&x-expires=1760853600&x-signature=VnbpR5fjvBYiSITUbXwl5wqnI8A%3D&t=4d5b0474&ps=13740610&shp=81f88b70&shcp=9b759fb9&idc=useast8&ftpl=1|https://p16-common-sign.tiktokcdn-us.com/tos-useast5-i-photomode-tx/e93c5241e6074d278fd6445466587508~tplv-photomode-image.jpeg?dr=9616&x-expires=1760853600&x-signature=IBNhUhhf3fzfiS3k3SLPx3XGFyk%3D&t=4d5b0474&ps=13740610&shp=81f88b70&shcp=9b759fb9&idc=useast8&ftpl=1|https://p16-common-sign.tiktokcdn-us.com/tos-useast5-i-photomode-tx/cf1319bf346042d3ac6da3ac06087475~tplv-photomode-image.jpeg?dr=9616&x-expires=1760853600&x-signature=84fjQdsjBxneV1US4i2WPvMxSIQ%3D&t=4d5b0474&ps=13740610&shp=81f88b70&shcp=9b759fb9&idc=useast8&ftpl=1,,same_va,1.78,11.96
https://www.tiktok.com/@miriaminspiration/video/7556812109770657038,miriaminspiration,Jairis,15400,887,26,9,2025-10-03,https://www.tiktok.com/music/som-original-7223535509620230917,hererarestherdis h relations small disaoreetionts start an sven ww a art e xn with each ether ee targuments and idsshise conflicts _ work ss gel ie _ y learnfandg developing hea althy com yey nication ss shifting upset the problem n,True,https://p16-sign.tiktokcdn-us.com/tos-useast5-i-photomode-tx/1e1a0f66f87d4b07a8bc9bf62db106b5~tplv-photomode-image.jpeg?dr=10375&x-expires=1760817600&x-signature=uVZneIdxiYho46yqjqVfIQo5xAE%3D&t=4d5b0474&ps=13740610&shp=81f88b70&shcp=9b759fb9&idc=no1a&ftpl=1|https://p16-sign.tiktokcdn-us.com/tos-useast5-i-photomode-tx/5f4700d8e4954135aa819635f2e6e50a~tplv-photomode-image.jpeg?dr=10375&x-expires=1760817600&x-signature=hsRKeC2bFZ0aSNWaxJrHuvfZYfc%3D&t=4d5b0474&ps=13740610&shp=81f88b70&shcp=9b759fb9&idc=no1a&ftpl=1|https://p16-sign.tiktokcdn-us.com/tos-useast5-i-photomode-tx/5e461510e7d746c3a3f7c3288e683f25~tplv-photomode-image.jpeg?dr=10375&x-expires=1760817600&x-signature=PVUoKo%2Bpjeslfsx%2Bart2b5Sti8o%3D&t=4d5b0474&ps=13740610&shp=81f88b70&shcp=9b759fb9&idc=no1a&ftpl=1|https://p16-sign.tiktokcdn-us.com/tos-useast5-i-photomode-tx/1e6a043b060247f3b48f628de2b67c9f~tplv-photomode-image.jpeg?dr=10375&x-expires=1760817600&x-signature=lBkUyiwd9hCCPBFSzpcGuDY12vE%3D&t=4d5b0474&ps=13740610&shp=81f88b70&shcp=9b759fb9&idc=no1a&ftpl=1|https://p16-sign.tiktokcdn-us.com/tos-useast5-i-photomode-tx/2dba60bc3a0948d2a80f9b93b4c02a84~tplv-photomode-image.jpeg?dr=10375&x-expires=1760817600&x-signature=TD6V%2BWvdyVLqLfYyFzjf7m0imxc%3D&t=4d5b0474&ps=13740610&shp=81f88b70&shcp=9b759fb9&idc=no1a&ftpl=1,"relationships, dating, relationshipstages, formen",same_account,5.99,11.78
https://www.tiktok.com/@sukiyoji/video/7557347808903204110,sukiyoji,Brent,21400,725,387,3,2025-10-04,https://www.tiktok.com/music/tired-of-healing--7296187814852478977,,False,https://p16-common-sign.tiktokcdn-us.com/tos-useast5-i-photomode-tx/9ad7a136a4b54647bf707bf572e9d4bb~tplv-photomode-image.jpeg?dr=9616&x-expires=1760828400&x-signature=VO28Lr7Kvn0%2Bomhwt0mk45c52Zw%3D&t=4d5b0474&ps=13740610&shp=81f88b70&shcp=9b759fb9&idc=useast5&ftpl=1|https://p16-common-sign.tiktokcdn-us.com/tos-useast5-i-photomode-tx/55a70796214446a0a1e917cee46a3393~tplv-photomode-image.jpeg?dr=9616&x-expires=1760828400&x-signature=%2BhtUpXWBostd%2F%2BfIbVfu82gAOjM%3D&t=4d5b0474&ps=13740610&shp=81f88b70&shcp=9b759fb9&idc=useast5&ftpl=1,"fyp, goviral, tiktokviral, foryoupage",same_account,5.21,11.6
https://www.tiktok.com/@miriamglow/video/7560810394491653389,miriamglow,Jairis,31900,247,39,14,2025-10-13,suara asli - Sadvibes🥀,when heresies how v ye dumb hellooks getter ag fo,True,,#mentalhealthmatters #deepthoughts #fyppppppppppppppppppp,same_va,0.94,11.45
https://www.tiktok.com/@miriamselflovee/video/7557542146077723935,miriamselflovee,Grashang,14000,605,83,3,2025-10-05,https://www.tiktok.com/music/sonido-original-7362565004204886789,an you still love me when im 3 weeks deere é depression episode whenti im ane goyerthinking,True,https://p16-pu-sign-useast8.tiktokcdn-us.com/tos-useast8-i-photomode-tx2/8df6b12e52f04650925abdf49ff217dd~tplv-photomode-image.jpeg?dr=14555&x-expires=1760828400&x-signature=25UeEJBfGaYb9CmHUwwQxnhUFEE%3D&t=4d5b0474&ps=13740610&shp=81f88b70&shcp=9b759fb9&idc=my&ftpl=1|https://p16-pu-sign-useast8.tiktokcdn-us.com/tos-useast8-i-photomode-tx2/9d5815306ecd4326a96ddcdd0d0708cf~tplv-photomode-image.jpeg?dr=14555&x-expires=1760828400&x-signature=09k3GyrBOUKJdw%2FIN%2FRnJUgfMpw%3D&t=4d5b0474&ps=13740610&shp=81f88b70&shcp=9b759fb9&idc=my&ftpl=1|https://p16-pu-sign-useast8.tiktokcdn-us.com/tos-useast8-i-photomode-tx2/e5fa8978ee464081ae516caa05d7f5e0~tplv-photomode-image.jpeg?dr=14555&x-expires=1760828400&x-signature=0k1CZQcuEfDQ9Ns6ylqdyBmVE%2FU%3D&t=4d5b0474&ps=13740610&shp=81f88b70&shcp=9b759fb9&idc=my&ftpl=1,"mentalhealth, relatable, fyp",same_account,4.94,11.38
https://www.tiktok.com/@miriamselflovee/video/7556615853098224951,miriamselflovee,Grashang,15200,808,121,3,2025-10-02,https://www.tiktok.com/music/Sparks-Dakotas-version-7513340932906601247,2 o d 4s 1 but f sheldid b ing everyth,True,https://p16-common-sign.tiktokcdn-us.com/tos-useast5-i-photomode-tx/8787f5470eae43bfa61b58f9d5f8b994~tplv-photomode-image.jpeg?dr=9616&x-expires=1760814000&x-signature=Cd59SpT%2BEbkC1xtiHklWmAKnpVw%3D&t=4d5b0474&ps=13740610&shp=81f88b70&shcp=9b759fb9&idc=useast8&ftpl=1|https://p19-common-sign.tiktokcdn-us.com/tos-useast5-i-photomode-tx/7246d047eab047769ef78f283d33766f~tplv-photomode-image.jpeg?dr=9616&x-expires=1760814000&x-signature=XBpeKHSSNqeeN0uCXD5nCXRfvbo%3D&t=4d5b0474&ps=13740610&shp=81f88b70&shcp=9b759fb9&idc=useast8&ftpl=1,"relatable, relationship, fyp",same_account,6.13,11.36
https://www.tiktok.com/@meganvue/video/7557877028423322935,meganvue,Christopher,12700,556,56,12,2025-10-05,https://www.tiktok.com/music/original-sound-----7250601978261228334,rich s,True,https://p19-sign.tiktokcdn-us.com/tos-useast5-i-photomode-tx/489bb1c2421143a6a000393933faf9c0~tplv-photomode-image.jpeg?dr=10375&x-expires=1760835600&x-signature=29wYt4qN8GmSskkWsoAtM4dozYc%3D&t=4d5b0474&ps=13740610&shp=81f88b70&shcp=9b759fb9&idc=no1a&ftpl=1|https://p16-sign.tiktokcdn-us.com/tos-useast5-i-photomode-tx/8c37fae0e3d54ad293162e5b5ef15c86~tplv-photomode-image.jpeg?dr=10375&x-expires=1760835600&x-signature=wiahjkYJi3a6Rdae8glJKBYnUx0%3D&t=4d5b0474&ps=13740610&shp=81f88b70&shcp=9b759fb9&idc=no1a&ftpl=1|https://p19-sign.tiktokcdn-us.com/tos-useast5-i-photomode-tx/69a92576f9dd4203bb2c38e23e32bd2d~tplv-photomode-image.jpeg?dr=10375&x-expires=1760835600&x-signature=AueolqUHOnSuUn2hD6Df4pFqGPI%3D&t=4d5b0474&ps=13740610&shp=81f88b70&shcp=9b759fb9&idc=no1a&ftpl=1,,same_account,4.91,11.25
https://www.tiktok.com/@naomigazee/video/7556194775603383583,naomigazee,Abegail,15700,969,5,35,2025-10-01,https://www.tiktok.com/music/original-sound-7492538157273877270,fi idk who needs to he this but mi,True,https://p16-common-sign.tiktokcdn-us.com/tos-useast8-i-photomode-tx2/0159708337f7499da05db762986b72ea~tplv-photomode-image.jpeg?dr=9616&x-expires=1760810400&x-signature=aJdONGmmwX1IRig0L3BpDknZ6TM%3D&t=4d5b0474&ps=13740610&shp=81f88b70&shcp=9b759fb9&idc=useast5&ftpl=1|https://p19-common-sign.tiktokcdn-us.com/tos-useast8-i-photomode-tx2/e8ed99b45b31429393a2117536b20970~tplv-photomode-image.jpeg?dr=9616&x-expires=1760810400&x-signature=8qRVIcUYadXMl%2BY%2BKbdC7vIueRU%3D&t=4d5b0474&ps=13740610&shp=81f88b70&shcp=9b759fb9&idc=useast5&ftpl=1,"greenscreen, foryou, tatto, viral",same_account,6.43,11.21
https://www.tiktok.com/@miriamstylez/video/7556991256862215438,miriamstylez,Jairis,128800,1077,34,61,2025-10-03,https://www.tiktok.com/music/som-original-7223535509620230917,ip ionsh relat gj 5g or yw oo i _ 7p o _ lo _ stage one the honeymoon phase always happy no arguments gave four you made im 4 al you ve weathered the storm anda commited moving fen 4 each other be ic nrseithon ommunication skills,True,https://p16-common-sign.tiktokcdn-us.com/tos-useast5-i-photomode-tx/de76157cd60c4f9f87ac3982737965ab~tplv-photomode-image.jpeg?dr=9616&x-expires=1760821200&x-signature=qdTqXt%2BBy3k89ewNUE4HqjSGiF4%3D&t=4d5b0474&ps=13740610&shp=81f88b70&shcp=9b759fb9&idc=useast5&ftpl=1|https://p16-common-sign.tiktokcdn-us.com/tos-useast5-i-photomode-tx/82d264bd6f98405a91bf1611e56b3faa~tplv-photomode-image.jpeg?dr=9616&x-expires=1760821200&x-signature=sRRwZtIG5pxMYS99%2BREsvcdH4rg%3D&t=4d5b0474&ps=13740610&shp=81f88b70&shcp=9b759fb9&idc=useast5&ftpl=1|https://p16-common-sign.tiktokcdn-us.com/tos-useast5-i-photomode-tx/83eb5cd2a91b41f1a30633c45b291e6e~tplv-photomode-image.jpeg?dr=9616&x-expires=1760821200&x-signature=GIJ8uNGuocFSzjwCBeHu3VeHMPI%3D&t=4d5b0474&ps=13740610&shp=81f88b70&shcp=9b759fb9&idc=useast5&ftpl=1|https://p16-common-sign.tiktokcdn-us.com/tos-useast5-i-photomode-tx/cf31cfd5fc9b48fc975e870efe11e270~tplv-photomode-image.jpeg?dr=9616&x-expires=1760821200&x-signature=eq95rk4YBSk0zETLCzZxgeJtQ2M%3D&t=4d5b0474&ps=13740610&shp=81f88b70&shcp=9b759fb9&idc=useast5&ftpl=1|https://p16-common-sign.tiktokcdn-us.com/tos-useast5-i-photomode-tx/a09741bc654b4795b0b77a5b573f99cc~tplv-photomode-image.jpeg?dr=9616&x-expires=1760821200&x-signature=NqKiiCHgBXyUY%2BfwjqnQIiAmIoQ%3D&t=4d5b0474&ps=13740610&shp=81f88b70&shcp=9b759fb9&idc=useast5&ftpl=1,,same_va,0.91,10.97
https://www.tiktok.com/@sofiaagrabb/video/7560200183292759310,sofiaagrabb,Pilar,12900,193,10,3,2025-10-12,if u use this sound your hot,,False,,#tiktokviral #fyppppppppppppppppppppppp #goviral ,same_account,1.6,10.67
https://www.tiktok.com/@miriamselflovee/video/7556974429306129678,miriamselflovee,Grashang,16800,755,113,2,2025-10-03,https://www.tiktok.com/music/Creep-7005531177679325185,wr est 4 pa at i tif he newer to he would 4 a 23 joes spit to wlife nage normal eo he s sever aece to be your rare,True,https://p16-common-sign.tiktokcdn-us.com/tos-useast5-i-photomode-tx/924e5c057f4e4042946ffb9280b9269f~tplv-photomode-image.jpeg?dr=9616&x-expires=1760821200&x-signature=dlu4Wags4kjd7ZiI1hk0OXBytF8%3D&t=4d5b0474&ps=13740610&shp=81f88b70&shcp=9b759fb9&idc=useast8&ftpl=1|https://p16-common-sign.tiktokcdn-us.com/tos-useast5-i-photomode-tx/680cdc3ad5b645c7aadbc7265b61f711~tplv-photomode-image.jpeg?dr=9616&x-expires=1760821200&x-signature=hdHXzUAXBQc7GRbDFeo%2Fd3N%2FDJ4%3D&t=4d5b0474&ps=13740610&shp=81f88b70&shcp=9b759fb9&idc=useast8&ftpl=1,"relatable, fyppppppppppppppppppppppp, goviral",same_account,5.18,10.65
https://www.tiktok.com/@aureliaareign/video/7556988590895500557,aureliaareign,Luna,14200,606,112,6,2025-10-03,https://www.tiktok.com/music/destroy-myself-just-for-you-7122168768432130821,smallithings smallito me get home safe good morning text estamr pee ae se et,True,https://p16-common-sign.tiktokcdn-us.com/tos-useast5-i-photomode-tx/9d9725e52c644ae6b9cda356f620c6ee~tplv-photomode-image.jpeg?dr=9616&x-expires=1760821200&x-signature=gbzAy1ys%2BhSNWJW%2FDwaLfmd3gtg%3D&t=4d5b0474&ps=13740610&shp=81f88b70&shcp=9b759fb9&idc=useast5&ftpl=1|https://p19-common-sign.tiktokcdn-us.com/tos-useast5-i-photomode-tx/523027fc19fa4d02aa071ad4a5133823~tplv-photomode-image.jpeg?dr=9616&x-expires=1760821200&x-signature=ob5941B7hdOJxRKH6fTD4uIHcgE%3D&t=4d5b0474&ps=13740610&shp=81f88b70&shcp=9b759fb9&idc=useast5&ftpl=1,,same_account,5.1,10.38
https://www.tiktok.com/@miriamselflovee/video/7556817206500281614,miriamselflovee,Grashang,15800,690,92,1,2025-10-03,https://www.tiktok.com/music/Talk-That-Talk-7357774125542411040,fovaltwapeace an ssomeonelwhoxs,True,https://p19-common-sign.tiktokcdn-us.com/tos-useast5-i-photomode-tx/43ea959acb84491688e24e5f435985c0~tplv-photomode-image.jpeg?dr=9616&x-expires=1760817600&x-signature=LXu3ZU9Xe863R6t8yimtUeNO3Fg%3D&t=4d5b0474&ps=13740610&shp=81f88b70&shcp=9b759fb9&idc=useast5&ftpl=1|https://p16-common-sign.tiktokcdn-us.com/tos-useast5-i-photomode-tx/d983d16e1c334a778fc3a2095268d6fa~tplv-photomode-image.jpeg?dr=9616&x-expires=1760817600&x-signature=Gu0zzYG1Tr4SF20YRR9BPURyUQQ%3D&t=4d5b0474&ps=13740610&shp=81f88b70&shcp=9b759fb9&idc=useast5&ftpl=1,"relatable, trend, foryoupage, viraltiktok, fypシ",same_account,4.96,10.26
https://www.tiktok.com/@miriamselflovee/video/7557285100157816078,miriamselflovee,Grashang,21000,815,90,2,2025-10-04,https://www.tiktok.com/music/Team-Slowed-7046830460239940358,sss sss ss _ 2weeksrelationship ee,True,https://p16-common-sign.tiktokcdn-us.com/tos-useast5-i-photomode-tx/573ad1e040fd457f90dbd4786c3898dd~tplv-photomode-image.jpeg?dr=9616&x-expires=1760824800&x-signature=5mJxQxG%2B8vqHtxnKo%2BejTucDSsg%3D&t=4d5b0474&ps=13740610&shp=81f88b70&shcp=9b759fb9&idc=useast8&ftpl=1|https://p16-common-sign.tiktokcdn-us.com/tos-useast5-i-photomode-tx/613d2d0ba82545d2832ca334c93cf264~tplv-photomode-image.jpeg?dr=9616&x-expires=1760824800&x-signature=gAk0ucxw9aIaOEXzL37bUXXi3tw%3D&t=4d5b0474&ps=13740610&shp=81f88b70&shcp=9b759fb9&idc=useast8&ftpl=1|https://p19-common-sign.tiktokcdn-us.com/tos-useast5-i-photomode-tx/210447c4a7764fe890e84ab7e19ad1ea~tplv-photomode-image.jpeg?dr=9616&x-expires=1760824800&x-signature=R8kohC7qJqFtyoUJPFXcmRqjPJ4%3D&t=4d5b0474&ps=13740610&shp=81f88b70&shcp=9b759fb9&idc=useast8&ftpl=1,,same_account,4.32,10.24
https://www.tiktok.com/@meganflakess/video/7559460747630087455,meganflakess,Christopher,10300,214,8,2,2025-10-10,https://www.tiktok.com/music/sonido-original-7399857535597628166,,False,https://p16-common-sign.tiktokcdn-us.com/tos-useast8-i-photomode-tx2/d4e900504784443890230b7f78c2aac5~tplv-photomode-image.jpeg?dr=9616&x-expires=1760860800&x-signature=TMy7sSUhTuR5osQ0r%2BjRTQF8ePQ%3D&t=4d5b0474&ps=13740610&shp=81f88b70&shcp=9b759fb9&idc=useast5&ftpl=1|https://p16-common-sign.tiktokcdn-us.com/tos-useast8-i-photomode-tx2/269e36aed606426ca2e8b84f9d578131~tplv-photomode-image.jpeg?dr=9616&x-expires=1760860800&x-signature=v6o%2BwHu%2BWLeRbbS4XaQEdOcich8%3D&t=4d5b0474&ps=13740610&shp=81f88b70&shcp=9b759fb9&idc=useast5&ftpl=1,,same_account,2.17,10.12
https://www.tiktok.com/@aureliaareign/video/7556489401904237837,aureliaareign,Luna,14800,702,55,9,2025-10-02,https://www.tiktok.com/music/scream-my-name-by-thomas-larosa-7438474281459272494,limjalhopeless romantic witha dirtymind,True,https://p16-sign.tiktokcdn-us.com/tos-useast5-i-photomode-tx/952e2ae104414be38278ca67848e542d~tplv-photomode-image.jpeg?dr=10375&x-expires=1760814000&x-signature=N3y5GZhlJN4Rx%2FeitSoeOttMe6Q%3D&t=4d5b0474&ps=13740610&shp=81f88b70&shcp=9b759fb9&idc=no1a&ftpl=1|https://p16-sign.tiktokcdn-us.com/tos-useast5-i-photomode-tx/aefcec06a9004576b68bd143b76eba39~tplv-photomode-image.jpeg?dr=10375&x-expires=1760814000&x-signature=R43DF4X4d7IkDfSSFR5%2BehCJaZY%3D&t=4d5b0474&ps=13740610&shp=81f88b70&shcp=9b759fb9&idc=no1a&ftpl=1|https://p16-sign.tiktokcdn-us.com/tos-useast5-i-photomode-tx/9e173f7d5890464d89461d21d1f6f882~tplv-photomode-image.jpeg?dr=10375&x-expires=1760814000&x-signature=kE%2B75IrlJjKGHNVQ7ZJ4R%2Bba3%2Fc%3D&t=4d5b0474&ps=13740610&shp=81f88b70&shcp=9b759fb9&idc=no1a&ftpl=1,"foryourpage, goviral",same_account,5.18,9.91
https://www.tiktok.com/@miriamselflovee/video/7557122984872250638,miriamselflovee,Grashang,17100,691,102,1,2025-10-03,https://www.tiktok.com/music/sonido-original-7113643263050959621,,False,https://p16-common-sign.tiktokcdn-us.com/tos-useast5-i-photomode-tx/1a072b18bf964c65b79b7cf0c1ba8ce5~tplv-photomode-image.jpeg?dr=9616&x-expires=1760824800&x-signature=q0s%2BO2e2oZsp8zJGY1tHo1YbTBw%3D&t=4d5b0474&ps=13740610&shp=81f88b70&shcp=9b759fb9&idc=useast5&ftpl=1|https://p16-common-sign.tiktokcdn-us.com/tos-useast5-i-photomode-tx/e2373cb5732442f8a4f41a1259859da3~tplv-photomode-image.jpeg?dr=9616&x-expires=1760824800&x-signature=KsgPOJgbifRI5x7xqlyDfAGhwC0%3D&t=4d5b0474&ps=13740610&shp=81f88b70&shcp=9b759fb9&idc=useast5&ftpl=1,"relationship, goviral, tiktok, fyp, relatable",same_account,4.64,9.86
https://www.tiktok.com/@aureliacurse/video/7556049059048459550,aureliacurse,Angel,35600,1527,67,50,2025-10-01,https://www.tiktok.com/music/som-original-6977544672965085958,it never hurts a friendship to a bounce onitonceror ss twiceaday ii il,True,https://p16-pu-sign-useast8.tiktokcdn-us.com/tos-useast8-i-photomode-tx2/699e43acb95c41fda00f2676d83a77b1~tplv-photomode-image.jpeg?dr=14555&x-expires=1760806800&x-signature=9kkGeaId%2BIzMCsH6Dclqg8wYYxU%3D&t=4d5b0474&ps=13740610&shp=81f88b70&shcp=9b759fb9&idc=sg1&ftpl=1|https://p16-pu-sign-useast8.tiktokcdn-us.com/tos-useast8-i-photomode-tx2/437d607608ad4ed3b449e3728442ca1b~tplv-photomode-image.jpeg?dr=14555&x-expires=1760806800&x-signature=vxiDVRnN50%2F1HpcScWNWVME2md0%3D&t=4d5b0474&ps=13740610&shp=81f88b70&shcp=9b759fb9&idc=sg1&ftpl=1,"goviral, relatable, fyp, foryoupage",cross_creator,4.62,9.69
https://www.tiktok.com/@miriamglowing/video/7558264531244436791,miriamglowing,Carla,16800,453,13,4,2025-10-07,https://www.tiktok.com/music/original-sound-7466244643567733550,ape f want ata relation met be love ve ei fe salihis pore me think of you ae i hugs and cuddles,True,https://p16-common-sign.tiktokcdn-us.com/tos-useast5-i-photomode-tx/a838c1a7def84b93a4e5f39679ef7705~tplv-photomode-image.jpeg?dr=9616&x-expires=1760842800&x-signature=SjhsVjNRdaBCfR0CYS6eL2703cw%3D&t=4d5b0474&ps=13740610&shp=81f88b70&shcp=9b759fb9&idc=useast8&ftpl=1|https://p16-common-sign.tiktokcdn-us.com/tos-useast5-i-photomode-tx/acde372608d64a12bcc13640940d81e2~tplv-photomode-image.jpeg?dr=9616&x-expires=1760842800&x-signature=ayJcXxDdmhrH5fqXTWPFoolBFOs%3D&t=4d5b0474&ps=13740610&shp=81f88b70&shcp=9b759fb9&idc=useast8&ftpl=1|https://p16-common-sign.tiktokcdn-us.com/tos-useast5-i-photomode-tx/bbdadebfc49946c2aed98d952bc349cf~tplv-photomode-image.jpeg?dr=9616&x-expires=1760842800&x-signature=eFF34nP%2BH%2FkWX9D6p98Tcj8SQK8%3D&t=4d5b0474&ps=13740610&shp=81f88b70&shcp=9b759fb9&idc=useast8&ftpl=1,,same_va,2.8,9.58
https://www.tiktok.com/@miriamselflovee/video/7556410653309734199,miriamselflovee,Grashang,19400,817,81,3,2025-10-02,https://www.tiktok.com/music/original-sound-7084297050459736874,,False,https://p16-sign.tiktokcdn-us.com/tos-useast5-i-photomode-tx/7b811304280b4f46a57d7b6481dcdbb6~tplv-photomode-image.jpeg?dr=10375&x-expires=1760810400&x-signature=EdC8COn7kT3A9Ul09AeeWZ74pU0%3D&t=4d5b0474&ps=13740610&shp=81f88b70&shcp=9b759fb9&idc=no1a&ftpl=1|https://p16-sign.tiktokcdn-us.com/tos-useast5-i-photomode-tx/0f6c8f2f813544ff9043d30f454025ab~tplv-photomode-image.jpeg?dr=10375&x-expires=1760810400&x-signature=re9SBEijnoc36qeeGrjQPbR%2FMc8%3D&t=4d5b0474&ps=13740610&shp=81f88b70&shcp=9b759fb9&idc=no1a&ftpl=1,"irishgoodbye, relationship, fyp",same_account,4.64,9.37
https://www.tiktok.com/@naomizooms/video/7557011045437558029,naomizooms,Chin,72300,1404,51,51,2025-10-03,https://www.tiktok.com/music/som-original-7223535509620230917,nh ae tes of disconnect ndjmisunderstanding stormiandare amie ito moving forward with vouive bee they gevelopinghealthy _ communication skills m nindset to usvvs itine problem not us vv cachounns,True,https://p16-sign.tiktokcdn-us.com/tos-useast5-i-photomode-tx/76493e14bccb498b9056e4cfad13dd52~tplv-photomode-image.jpeg?dr=10375&x-expires=1760821200&x-signature=upDz4l%2Bps8t5CLz4M7miS4SB2cM%3D&t=4d5b0474&ps=13740610&shp=81f88b70&shcp=9b759fb9&idc=no1a&ftpl=1|https://p16-sign.tiktokcdn-us.com/tos-useast5-i-photomode-tx/f9cd5af78354470ba56b6246578cf99f~tplv-photomode-image.jpeg?dr=10375&x-expires=1760821200&x-signature=563rC1UKc24UN60Am9FoFDsXwHE%3D&t=4d5b0474&ps=13740610&shp=81f88b70&shcp=9b759fb9&idc=no1a&ftpl=1|https://p19-sign.tiktokcdn-us.com/tos-useast5-i-photomode-tx/4df539bbd5d545acb761cf5ee670f9ad~tplv-photomode-image.jpeg?dr=10375&x-expires=1760821200&x-signature=zeoTh4LkcQKL8kozIK5rLcbzHyU%3D&t=4d5b0474&ps=13740610&shp=81f88b70&shcp=9b759fb9&idc=no1a&ftpl=1|https://p16-sign.tiktokcdn-us.com/tos-useast5-i-photomode-tx/0cb669472d25481dbe1fafd16a26320c~tplv-photomode-image.jpeg?dr=10375&x-expires=1760821200&x-signature=jXStZyH%2FKCqgFdbsJzOH3p%2FMu0A%3D&t=4d5b0474&ps=13740610&shp=81f88b70&shcp=9b759fb9&idc=no1a&ftpl=1|https://p16-sign.tiktokcdn-us.com/tos-useast5-i-photomode-tx/208f705bf2494f3caa52b0dfc7bf5554~tplv-photomode-image.jpeg?dr=10375&x-expires=1760821200&x-signature=1hBy%2B1dKgDNEUQ%2B7oQcMK9cPOok%3D&t=4d5b0474&ps=13740610&shp=81f88b70&shcp=9b759fb9&idc=no1a&ftpl=1,"relatable, relationship, fyp, viraltiktok",same_account,2.08,9.33
https://www.tiktok.com/@sofiaagrabb/video/7559159545969347870,sofiaagrabb,Pilar,19800,295,15,2,2025-10-09,https://www.tiktok.com/music/Gone-Forever-6696412720549332994,doesn tmind the thermostat on arcticiléve r va thinks sam tacos ea blue collarornerdys ce doesnt mind being gapped likes this typeofmusic al ness i mr a 5 ay,True,https://p16-common-sign.tiktokcdn-us.com/tos-useast8-i-photomode-tx2/68fbf8c0b65c4730ae94be8842c35c3b~tplv-photomode-image.jpeg?dr=9616&x-expires=1760857200&x-signature=oA0Kz7gjC58r5cQfPo5U3jn8vRk%3D&t=4d5b0474&ps=13740610&shp=81f88b70&shcp=9b759fb9&idc=useast8&ftpl=1|https://p19-common-sign.tiktokcdn-us.com/tos-useast8-i-photomode-tx2/8c087583c9b544ef87b8bdff847d7236~tplv-photomode-image.jpeg?dr=9616&x-expires=1760857200&x-signature=qBvNvNcO2rXQqf6csybZciij7tg%3D&t=4d5b0474&ps=13740610&shp=81f88b70&shcp=9b759fb9&idc=useast8&ftpl=1,"futurehusband, yp, bluecollar, threedaysgrace",same_account,1.58,9.18
https://www.tiktok.com/@voiddaurelia/video/7557544011406249230,voiddaurelia,Luna,43200,910,48,9,2025-10-05,https://www.tiktok.com/music/if-u-use-this-sound-your-hot-7438864815189248811,cons vill blow a ul phone swillplayzontu mute ail l fwillipec tl ae ewillvellatulijiocation isoff,True,https://p16-sign.tiktokcdn-us.com/tos-useast5-i-photomode-tx/61c75bba2151417ba498f7b2d0099cf7~tplv-photomode-image.jpeg?dr=10375&x-expires=1760828400&x-signature=PxOWz%2F%2BldVZ83%2FAqHkU04XOocuI%3D&t=4d5b0474&ps=13740610&shp=81f88b70&shcp=9b759fb9&idc=no1a&ftpl=1|https://p16-sign.tiktokcdn-us.com/tos-useast5-i-photomode-tx/a2b3528af64b43b8a54b7be41a8c362d~tplv-photomode-image.jpeg?dr=10375&x-expires=1760828400&x-signature=8SluC35Sry6u40GZ1bePkgFxOcA%3D&t=4d5b0474&ps=13740610&shp=81f88b70&shcp=9b759fb9&idc=no1a&ftpl=1|https://p19-sign.tiktokcdn-us.com/tos-useast5-i-photomode-tx/8b477702e31846c9942e32795c6a992d~tplv-photomode-image.jpeg?dr=10375&x-expires=1760828400&x-signature=cttEfl3PX986GfXNgk%2FuczTpJG8%3D&t=4d5b0474&ps=13740610&shp=81f88b70&shcp=9b759fb9&idc=no1a&ftpl=1,"relationships, goviral, foryoupage",same_va,2.24,9.08
https://www.tiktok.com/@miriamselflovee/video/7556522891978755358,miriamselflovee,Grashang,13700,549,78,2,2025-10-02,https://www.tiktok.com/music/original-sound-7401844740407511840,1777 j ay flout i isia kind of nile ae re still li iguingsem,True,https://p16-common-sign.tiktokcdn-us.com/tos-useast8-i-photomode-tx2/79bf3a45fa5c49508016828637d9efaa~tplv-photomode-image.jpeg?dr=9616&x-expires=1760814000&x-signature=%2FlDok4K15mKfFExK5o%2BjEbUmXIw%3D&t=4d5b0474&ps=13740610&shp=81f88b70&shcp=9b759fb9&idc=useast5&ftpl=1|https://p19-common-sign.tiktokcdn-us.com/tos-useast8-i-photomode-tx2/61004e335ed14902a1869dbf6200fea6~tplv-photomode-image.jpeg?dr=9616&x-expires=1760814000&x-signature=HiGVZnYTVTOkkWnLA8GpbFNPROU%3D&t=4d5b0474&ps=13740610&shp=81f88b70&shcp=9b759fb9&idc=useast5&ftpl=1,,same_account,4.59,8.96
https://www.tiktok.com/@veilofaurelia/video/7556875697252224270,veilofaurelia,Luna,14900,487,35,2,2025-10-03,https://www.tiktok.com/music/sonido-original-7362565004204886789,an tinelneal inl eanyourstillllovelme more bre cnitocc ni caraieees backfaskingifon orwinem ihn lying els,True,https://p16-sign.tiktokcdn-us.com/tos-useast5-i-photomode-tx/eef112105a374cde98a43c2b8b255944~tplv-photomode-image.jpeg?dr=14555&x-expires=1760817600&x-signature=l83Ddtru9S3143DPb2PhxEyt%2BLY%3D&t=4d5b0474&ps=13740610&shp=81f88b70&shcp=9b759fb9&idc=my&ftpl=1|https://p19-sign.tiktokcdn-us.com/tos-useast5-i-photomode-tx/7a46f7871dd94aa4a5cef3bf25ae3541~tplv-photomode-image.jpeg?dr=14555&x-expires=1760817600&x-signature=AoeLd2vb2SIC%2F5Eg4c%2BperbdTkY%3D&t=4d5b0474&ps=13740610&shp=81f88b70&shcp=9b759fb9&idc=my&ftpl=1|https://p16-sign.tiktokcdn-us.com/tos-useast5-i-photomode-tx/55fc1fa2c2dd4e2faf9844a9693d0025~tplv-photomode-image.jpeg?dr=14555&x-expires=1760817600&x-signature=pnolZ5CV8FutBHIByyz3StKsQ8c%3D&t=4d5b0474&ps=13740610&shp=81f88b70&shcp=9b759fb9&idc=my&ftpl=1,"mentalhealth, relatable, fyp",same_account,3.52,8.05
https://www.tiktok.com/@miriammdose/video/7557175904904940830,miriammdose,Aaron,16400,396,7,13,2025-10-04,https://www.tiktok.com/music/origineel-geluid-7160693822907763462,himitoyalways b a s53k 9 expect aw helgot emotio s,True,https://p16-common-sign.tiktokcdn-us.com/tos-useast8-i-photomode-tx2/a516f3f4d55944caa4db98961c0064b4~tplv-photomode-image.jpeg?dr=9616&x-expires=1760824800&x-signature=RhvSJbNUHosI98RtW35TRNiBjJU%3D&t=4d5b0474&ps=13740610&shp=81f88b70&shcp=9b759fb9&idc=useast5&ftpl=1|https://p16-common-sign.tiktokcdn-us.com/tos-useast8-i-photomode-tx2/bca73994fe074b4ead647ca26b7dc6fb~tplv-photomode-image.jpeg?dr=9616&x-expires=1760824800&x-signature=4uqE4fkahS42NOJF5fa2XQp8%2BDw%3D&t=4d5b0474&ps=13740610&shp=81f88b70&shcp=9b759fb9&idc=useast5&ftpl=1|https://p16-common-sign.tiktokcdn-us.com/tos-useast8-i-photomode-tx2/aa1a5829c54b4cbe8a70e6aec653b005~tplv-photomode-image.jpeg?dr=9616&x-expires=1760824800&x-signature=IoAcQmdmhe5rrGpSbbi0m8f1Euw%3D&t=4d5b0474&ps=13740610&shp=81f88b70&shcp=9b759fb9&idc=useast5&ftpl=1|https://p16-common-sign.tiktokcdn-us.com/tos-useast8-i-photomode-tx2/b74884f8aa584dd993d8823c8aa41bdf~tplv-photomode-image.jpeg?dr=9616&x-expires=1760824800&x-signature=AdfkYMtnSHUsuVFYTft%2FvJ2c67U%3D&t=4d5b0474&ps=13740610&shp=81f88b70&shcp=9b759fb9&idc=useast5&ftpl=1|https://p16-common-sign.tiktokcdn-us.com/tos-useast8-i-photomode-tx2/76ee838fe4c24f4e819d2a9a70b9c8c1~tplv-photomode-image.jpeg?dr=9616&x-expires=1760824800&x-signature=TiUaZEXH6nIyhjxG38HYjwpVfR8%3D&t=4d5b0474&ps=13740610&shp=81f88b70&shcp=9b759fb9&idc=useast5&ftpl=1|https://p16-common-sign.tiktokcdn-us.com/tos-useast8-i-photomode-tx2/8d758fe5648e40708326bdb0c4c43470~tplv-photomode-image.jpeg?dr=9616&x-expires=1760824800&x-signature=nuIn7Okv1NfaYxnkBdzeEgdYqYU%3D&t=4d5b0474&ps=13740610&shp=81f88b70&shcp=9b759fb9&idc=useast5&ftpl=1|https://p16-common-sign.tiktokcdn-us.com/tos-useast8-i-photomode-tx2/496fd95755934355896633bd146c8826~tplv-photomode-image.jpeg?dr=9616&x-expires=1760824800&x-signature=ycp3RCdMRQLBXxlcDBDNDCnXy6s%3D&t=4d5b0474&ps=13740610&shp=81f88b70&shcp=9b759fb9&idc=useast5&ftpl=1|https://p16-common-sign.tiktokcdn-us.com/tos-useast8-i-photomode-tx2/c5b5f23aa35a45f2a1a62f39bf8f3c0d~tplv-photomode-image.jpeg?dr=9616&x-expires=1760824800&x-signature=ve%2B%2BHrpxuPBgdmKPQUSD4a3A9SY%3D&t=4d5b0474&ps=13740610&shp=81f88b70&shcp=9b759fb9&idc=useast5&ftpl=1|https://p16-common-sign.tiktokcdn-us.com/tos-useast8-i-photomode-tx2/82bce0df9a544fd3824a897a0039e8e7~tplv-photomode-image.jpeg?dr=9616&x-expires=1760824800&x-signature=sCDfu%2B%2FjHnqTCAVxZd9nz7hCar4%3D&t=4d5b0474&ps=13740610&shp=81f88b70&shcp=9b759fb9&idc=useast5&ftpl=1|https://p19-common-sign.tiktokcdn-us.com/tos-useast8-i-photomode-tx2/0b0f2ef8869f4b8580a63825a5056691~tplv-photomode-image.jpeg?dr=9616&x-expires=1760824800&x-signature=vfpnxpAUptlLaF9asmsCtTUk%2BBQ%3D&t=4d5b0474&ps=13740610&shp=81f88b70&shcp=9b759fb9&idc=useast5&ftpl=1|https://p16-common-sign.tiktokcdn-us.com/tos-useast8-i-photomode-tx2/90cccde5afa449c4b26438eee1bd34da~tplv-photomode-image.jpeg?dr=9616&x-expires=1760824800&x-signature=o8%2FZdRvPCKG4V4eOXZJwgm17Z6Y%3D&t=4d5b0474&ps=13740610&shp=81f88b70&shcp=9b759fb9&idc=useast5&ftpl=1,"fyppppppppppppppppppppppp, fypviral, goviral, fyp",same_account,2.54,7.29
https://www.tiktok.com/@peachmiriam/video/7557538615526558990,peachmiriam,Grashang,32300,434,28,0,2025-10-05,https://www.tiktok.com/music/Gone-Forever-6696412720549332994,thermo,True,https://p16-common-sign.tiktokcdn-us.com/tos-useast5-i-photomode-tx/0073e0c1d3df4f08a0aed440ffd82852~tplv-photomode-image.jpeg?dr=9616&x-expires=1760828400&x-signature=MLQV1VuN%2F57nX2dlXSrL73R6xjc%3D&t=4d5b0474&ps=13740610&shp=81f88b70&shcp=9b759fb9&idc=useast5&ftpl=1|https://p16-common-sign.tiktokcdn-us.com/tos-useast5-i-photomode-tx/dd8d08d8720641a5a5a3e5ab72fc2958~tplv-photomode-image.jpeg?dr=9616&x-expires=1760828400&x-signature=JZ4FtkXY%2FxYnvlgOtj30j5PDqwA%3D&t=4d5b0474&ps=13740610&shp=81f88b70&shcp=9b759fb9&idc=useast5&ftpl=1,"futurehusband, fyp, threedaysgrace",same_va,1.43,7.21
https://www.tiktok.com/@miriammdose/video/7557553857534905613,miriammdose,Aaron,14600,301,10,2,2025-10-05,https://www.tiktok.com/music/destroy-myself-just-for-you-7122168768432130821,a s that aren 7 get home bs sg good morning text,True,https://p16-sign.tiktokcdn-us.com/tos-useast5-i-photomode-tx/f6e2326b6b4442b88b8a5de7e3c65077~tplv-photomode-image.jpeg?dr=14555&x-expires=1760828400&x-signature=dq2m6n763Ltm2WRKG2kVZjXGUkc%3D&t=4d5b0474&ps=13740610&shp=81f88b70&shcp=9b759fb9&idc=maliva&ftpl=1|https://p16-sign.tiktokcdn-us.com/tos-useast5-i-photomode-tx/5dc19b350dd04f8fadaf40efbbe6cbe7~tplv-photomode-image.jpeg?dr=14555&x-expires=1760828400&x-signature=kDTEGRVoH%2B33dWpRTcaOpSLU%2BWA%3D&t=4d5b0474&ps=13740610&shp=81f88b70&shcp=9b759fb9&idc=maliva&ftpl=1,,same_account,2.14,7.21
https://www.tiktok.com/@meganvue/video/7557096522219883789,meganvue,Christopher,10700,245,18,23,2025-10-03,https://www.tiktok.com/music/som-original-7223535509620230917,isagreements st and ale commited 9 mm mm a forwardwith cach rkatogether to fixe learns and grow developing healthy secommunicationskills,True,https://p16-common-sign.tiktokcdn-us.com/tos-useast5-i-photomode-tx/aec389a0622e40c98eef22a17b7597e8~tplv-photomode-image.jpeg?dr=9616&x-expires=1760821200&x-signature=Pyy6P1YFLnGqN%2FwVJgrZWMdQu9g%3D&t=4d5b0474&ps=13740610&shp=81f88b70&shcp=9b759fb9&idc=useast8&ftpl=1|https://p16-common-sign.tiktokcdn-us.com/tos-useast5-i-photomode-tx/3b86857678654cfcb6b1bc4c6cec5373~tplv-photomode-image.jpeg?dr=9616&x-expires=1760821200&x-signature=K7Ohwm2HwMp%2FwIMUNBkZgN4tNv8%3D&t=4d5b0474&ps=13740610&shp=81f88b70&shcp=9b759fb9&idc=useast8&ftpl=1|https://p16-common-sign.tiktokcdn-us.com/tos-useast5-i-photomode-tx/36688d187c904d168a7c6d531a6b351a~tplv-photomode-image.jpeg?dr=9616&x-expires=1760821200&x-signature=psgv59aVlxdh9dt4ZMhOWRZoKVc%3D&t=4d5b0474&ps=13740610&shp=81f88b70&shcp=9b759fb9&idc=useast8&ftpl=1|https://p16-common-sign.tiktokcdn-us.com/tos-useast5-i-photomode-tx/9f208a7229154d24ba060fe6e30430b0~tplv-photomode-image.jpeg?dr=9616&x-expires=1760821200&x-signature=UfF%2FRdbfBAnGRCCta%2FgQlH%2FmVGo%3D&t=4d5b0474&ps=13740610&shp=81f88b70&shcp=9b759fb9&idc=useast8&ftpl=1|https://p16-common-sign.tiktokcdn-us.com/tos-useast5-i-photomode-tx/2b85b0bb6ce34d1eb7f30af17fc33cb2~tplv-photomode-image.jpeg?dr=9616&x-expires=1760821200&x-signature=%2BOQUBFaU3md5whluulbnryvkvz4%3D&t=4d5b0474&ps=13740610&shp=81f88b70&shcp=9b759fb9&idc=useast8&ftpl=1,,same_account,2.67,6.52
https://www.tiktok.com/@meganflakess/video/7557104934823480589,meganflakess,Christopher,35100,370,4,4,2025-10-03,https://www.tiktok.com/music/sonido-original-7362565004204886789,cem you sil lows ma winen lin s wesks cep tito a wien ih constantly,True,https://p16-common-sign.tiktokcdn-us.com/tos-useast5-i-photomode-tx/e217708c61a34c66a30fe587bd4d1883~tplv-photomode-image.jpeg?dr=9616&x-expires=1760821200&x-signature=XyMMo%2F%2B4kFX5%2BFzOdAZBRiE6GUw%3D&t=4d5b0474&ps=13740610&shp=81f88b70&shcp=9b759fb9&idc=useast5&ftpl=1|https://p16-common-sign.tiktokcdn-us.com/tos-useast5-i-photomode-tx/0db99936d9854f38bee0731072e72dfc~tplv-photomode-image.jpeg?dr=9616&x-expires=1760821200&x-signature=bKDyAQJ6WxEX%2Ffif4UJ17SBqgQw%3D&t=4d5b0474&ps=13740610&shp=81f88b70&shcp=9b759fb9&idc=useast5&ftpl=1|https://p16-common-sign.tiktokcdn-us.com/tos-useast5-i-photomode-tx/6df11c7d378a462e845f98e8c5df48f1~tplv-photomode-image.jpeg?dr=9616&x-expires=1760821200&x-signature=xVsWdNVjH4EAcNldf31IwDpmrx4%3D&t=4d5b0474&ps=13740610&shp=81f88b70&shcp=9b759fb9&idc=useast5&ftpl=1,"mentalhealth, relatable, fyp",same_account,1.08,5.6
https://www.tiktok.com/@miriamchicc/video/7556625272489970958,miriamchicc,Carla,10500,246,5,8,2025-10-02,https://www.tiktok.com/music/Vision-slowed-7525174049593412365,if relationships,True,https://p16-sign.tiktokcdn-us.com/tos-useast5-i-photomode-tx/08c78822b80647868c4ab2927bb150d6~tplv-photomode-image.jpeg?dr=14555&x-expires=1760814000&x-signature=tnakfQsUpITG7QtXYelmZMrCQ84%3D&t=4d5b0474&ps=13740610&shp=81f88b70&shcp=9b759fb9&idc=sg1&ftpl=1|https://p16-sign.tiktokcdn-us.com/tos-useast5-i-photomode-tx/b0dc44bf2ca0420fa3a2473bcee3bd69~tplv-photomode-image.jpeg?dr=14555&x-expires=1760814000&x-signature=b30eTgXQphDPxYIrwUO%2B0DEMaMA%3D&t=4d5b0474&ps=13740610&shp=81f88b70&shcp=9b759fb9&idc=sg1&ftpl=1,,same_account,2.47,5.59
https://www.tiktok.com/@miriamshines/video/7557110165309263159,miriamshines,Carla,12500,235,10,0,2025-10-03,https://www.tiktok.com/music/my-eyes-7307374583218457350,,False,https://p19-common-sign.tiktokcdn-us.com/tos-useast5-i-photomode-tx/7ece3eb7669443bdbe5b0e8a7fff8ff8~tplv-photomode-image.jpeg?dr=9616&x-expires=1760824800&x-signature=QVhd3U1EXQdSwOt6ScravXrauts%3D&t=4d5b0474&ps=13740610&shp=81f88b70&shcp=9b759fb9&idc=useast5&ftpl=1|https://p16-common-sign.tiktokcdn-us.com/tos-useast5-i-photomode-tx/887891a6fd1a42d686c448126e4e1422~tplv-photomode-image.jpeg?dr=9616&x-expires=1760824800&x-signature=v9xOdO9dJWCppfY1mPLbwSkDPKg%3D&t=4d5b0474&ps=13740610&shp=81f88b70&shcp=9b759fb9&idc=useast5&ftpl=1,,same_va,1.96,5.56
https://www.tiktok.com/@sofiaagrabb/video/7556070281685617933,sofiaagrabb,Pilar,11200,249,24,1,2025-10-01,https://www.tiktok.com/music/original-sound-----7250601978261228334,fall inlove ome bung mewn been cee,True,https://p16-common-sign.tiktokcdn-us.com/tos-useast5-i-photomode-tx/8c41bb8880814b20b73a80c8076cc77e~tplv-photomode-image.jpeg?dr=9616&x-expires=1760806800&x-signature=H%2F%2BFQYGJKXiJ1mYYci1W4kP9RLg%3D&t=4d5b0474&ps=13740610&shp=81f88b70&shcp=9b759fb9&idc=useast5&ftpl=1|https://p16-common-sign.tiktokcdn-us.com/tos-useast5-i-photomode-tx/ef03903ce223483e93f0e46bd446ba8b~tplv-photomode-image.jpeg?dr=9616&x-expires=1760806800&x-signature=X2gEdKz6a0tWRKXvOnFlJWEaoR0%3D&t=4d5b0474&ps=13740610&shp=81f88b70&shcp=9b759fb9&idc=useast5&ftpl=1,,same_account,2.45,4.97
https://www.tiktok.com/@tyrapullup/video/7556941287128091917,tyrapullup,Jayeerrah,12300,141,5,0,2025-10-03,https://www.tiktok.com/music/original-sound-7210070156486232838,sonvallnaveral no lihavetal boyitiendh diloyalty2 i voulmisnea,True,https://p16-common-sign.tiktokcdn-us.com/tos-useast5-i-photomode-tx/40235ac62a4e43d49949189740821d79~tplv-photomode-image.jpeg?dr=9616&x-expires=1760821200&x-signature=RGx5AKZqnp86nBMYtSOrzNmZfuI%3D&t=4d5b0474&ps=13740610&shp=81f88b70&shcp=9b759fb9&idc=useast5&ftpl=1|https://p16-common-sign.tiktokcdn-us.com/tos-useast5-i-photomode-tx/65f23eb7548c484db6cb09c75c8fcc28~tplv-photomode-image.jpeg?dr=9616&x-expires=1760821200&x-signature=5%2FgmX6vGmXWXXQO2WHwR6JIa9Mg%3D&t=4d5b0474&ps=13740610&shp=81f88b70&shcp=9b759fb9&idc=useast5&ftpl=1,"mentalhealthmatters, relationships, relatable, foryoupage, blowthisup",cross_creator,1.19,4.4
