Account,VA,Current Followers,Category,Last Updated,Status
@miriamrollqueen,CARLA,"52,400",10K+,2025-10-21 21:17,ğŸ† Top Performer
@Miriamselflovee,UNKNOWN,"23,100",10K+,2025-10-21 21:17,ğŸ† Top Performer
@miriamtales,UNKNOWN,"17,500",10K+,2025-10-21 21:17,ğŸ† Top Performer
@miriammdose,UNKNOWN,"16,300",10K+,2025-10-21 21:17,ğŸ† Top Performer
@miriamxsassy,UNKNOWN,"15,100",10K+,2025-10-21 21:17,ğŸ† Top Performer
@miriamluve,UNKNOWN,"11,000",10K+,2025-10-21 21:17,ğŸ† Top Performer
@miriamglowing,AARON,"10,700",10K+,2025-10-21 21:17,ğŸ† Top Performer
@miriamsweets,SAMUEL,"10,200",10K+,2025-10-21 21:17,ğŸ† Top Performer
@sweetenedmiriam,UNKNOWN,"9,946",1K-10K,2025-10-21 21:17,âœ… Good Performance
@miriammstylee,UNKNOWN,"7,865",1K-10K,2025-10-21 21:17,âœ… Good Performance
@luxemiriam,UNKNOWN,"6,647",1K-10K,2025-10-21 21:17,âœ… Good Performance
@miriamvisualvibe,UNKNOWN,"5,514",1K-10K,2025-10-21 21:17,âœ… Good Performance
@miriamchicc,UNKNOWN,"5,267",1K-10K,2025-10-21 21:17,âœ… Good Performance
@peachmiriam,UNKNOWN,"4,517",1K-10K,2025-10-21 21:17,âœ… Good Performance
@glowingmiriam,UNKNOWN,"4,407",1K-10K,2025-10-21 21:17,âœ… Good Performance
@miriamtalks,UNKNOWN,"4,180",1K-10K,2025-10-21 21:17,âœ… Good Performance
@miriammatters,UNKNOWN,"4,142",1K-10K,2025-10-21 21:17,âœ… Good Performance
@guestmiriam,UNKNOWN,"3,765",1K-10K,2025-10-21 21:17,âœ… Good Performance
@miriamstylez,UNKNOWN,"3,624",1K-10K,2025-10-21 21:17,âœ… Good Performance
@starmiriamm,UNKNOWN,"3,133",1K-10K,2025-10-21 21:17,âœ… Good Performance
@miriamshines,GRASHANG,"2,913",1K-10K,2025-10-21 21:17,âœ… Good Performance
@puremiriam,UNKNOWN,"2,910",1K-10K,2025-10-21 21:17,âœ… Good Performance
@miriamglow,UNKNOWN,"2,828",1K-10K,2025-10-21 21:17,âœ… Good Performance
@miriaminspiration,UNKNOWN,"2,794",1K-10K,2025-10-21 21:17,âœ… Good Performance
@miriamshiness,UNKNOWN,"2,467",1K-10K,2025-10-21 21:17,âœ… Good Performance
@lovelymiriam5,UNKNOWN,"1,646",1K-10K,2025-10-21 21:17,âœ… Good Performance
@gentlemiriam,UNKNOWN,"1,634",1K-10K,2025-10-21 21:17,âœ… Good Performance
@blushmiriam,UNKNOWN,"1,412",1K-10K,2025-10-21 21:17,âœ… Good Performance
@stillmiriam,UNKNOWN,656,Under 1K,2025-10-21 21:17,ğŸ“ˆ Growth Potential
@slayxmiriam,UNKNOWN,62,Under 1K,2025-10-21 21:17,ğŸ“ˆ Growth Potential
@cheekymiriamm,UNKNOWN,23,Under 1K,2025-10-21 21:17,ğŸ“ˆ Growth Potential
@miriamfaves,UNKNOWN,0,Zero,2025-10-21 21:17,âš ï¸ Needs Attention
